STRUCTURE,STRUCTURE_ID,STRUCTURE_NAME,ACTION,REF_AREA,Reference area,FREQ,Frequency of observation,METHODOLOGY,Methodology,MEASURE,Measure,UNIT_MEASURE,Unit of measure,EXPENDITURE,Expenditure,ADJUSTMENT,Adjustment,TRANSFORMATION,Transformation,TIME_PERIOD,Time period,OBS_VALUE,Observation value,OBS_STATUS,Observation status,UNIT_MULT,Unit multiplier,BASE_PER,Base period,DURABILITY,Durability,DECIMALS,Decimals
DATAFLOW,OECD.SDD.TPS:DSD_G20_PRICES@DF_G20_PRICES(1.0),"G20 - Consumer price indices, all items",I,GBR,United Kingdom,A,Annual,HICP,Eurostat harmonised index of consumer prices (HICP),CPI,Consumer price index,PA,Percent per annum,_T,Total,N,Neither seasonally adjusted nor calendar adjusted,GY,"Growth rate, over 1 year",1996,,2.5,,A,Normal value,0,Units,,,,,1,One
DATAFLOW,OECD.SDD.TPS:DSD_G20_PRICES@DF_G20_PRICES(1.0),"G20 - Consumer price indices, all items",I,GBR,United Kingdom,A,Annual,HICP,Eurostat harmonised index of consumer prices (HICP),CPI,Consumer price index,PA,Percent per annum,_T,Total,N,Neither seasonally adjusted nor calendar adjusted,GY,"Growth rate, over 1 year",1997,,1.8,,A,Normal value,0,Units,,,,,1,One
DATAFLOW,OECD.SDD.TPS:DSD_G20_PRICES@DF_G20_PRICES(1.0),"G20 - Consumer price indices, all items",I,GBR,United Kingdom,A,Annual,HICP,Eurostat harmonised index of consumer prices (HICP),CPI,Consumer price index,PA,Percent per annum,_T,Total,N,Neither seasonally adjusted nor calendar adjusted,GY,"Growth rate, over 1 year",1998,,1.6,,A,Normal value,0,Units,,,,,1,One
DATAFLOW,OECD.SDD.TPS:DSD_G20_PRICES@DF_G20_PRICES(1.0),"G20 - Consumer price indices, all items",I,GBR,United Kingdom,A,Annual,HICP,Eurostat harmonised index of consumer prices (HICP),CPI,Consumer price index,PA,Percent per annum,_T,Total,N,Neither seasonally adjusted nor calendar adjusted,GY,"Growth rate, over 1 year",1999,,1.3,,A,Normal value,0,Units,,,,,1,One
DATAFLOW,OECD.SDD.TPS:DSD_G20_PRICES@DF_G20_PRICES(1.0),"G20 - Consumer price indices, all items",I,GBR,United Kingdom,A,Annual,HICP,Eurostat harmonised index of consumer prices (HICP),CPI,Consumer price index,PA,Percent per annum,_T,Total,N,Neither seasonally adjusted nor calendar adjusted,GY,"Growth rate, over 1 year",2000,,0.8,,A,Normal value,0,Units,,,,,1,One
DATAFLOW,OECD.SDD.TPS:DSD_G20_PRICES@DF_G20_PRICES(1.0),"G20 - Consumer price indices, all items",I,GBR,United Kingdom,A,Annual,HICP,Eurostat harmonised index of consumer prices (HICP),CPI,Consumer price index,PA,Percent per annum,_T,Total,N,Neither seasonally adjusted nor calendar adjusted,GY,"Growth rate, over 1 year",2001,,1.2,,A,Normal value,0,Units,,,,,1,One
DATAFLOW,OECD.SDD.TPS:DSD_G20_PRICES@DF_G20_PRICES(1.0),"G20 - Consumer price indices, all items",I,GBR,United Kingdom,A,Annual,HICP,Eurostat harmonised index of consumer prices (HICP),CPI,Consumer price index,PA,Percent per annum,_T,Total,N,Neither seasonally adjusted nor calendar adjusted,GY,"Growth rate, over 1 year",2002,,1.3,,A,Normal value,0,Units,,,,,1,One
DATAFLOW,OECD.SDD.TPS:DSD_G20_PRICES@DF_G20_PRICES(1.0),"G20 - Consumer price indices, all items",I,GBR,United Kingdom,A,Annual,HICP,Eurostat harmonised index of consumer prices (HICP),CPI,Consumer price index,PA,Percent per annum,_T,Total,N,Neither seasonally adjusted nor calendar adjusted,GY,"Growth rate, over 1 year",2003,,1.4,,A,Normal value,0,Units,,,,,1,One
DATAFLOW,OECD.SDD.TPS:DSD_G20_PRICES@DF_G20_PRICES(1.0),"G20 - Consumer price indices, all items",I,GBR,United Kingdom,A,Annual,HICP,Eurostat harmonised index of consumer prices (HICP),CPI,Consumer price index,PA,Percent per annum,_T,Total,N,Neither seasonally adjusted nor calendar adjusted,GY,"Growth rate, over 1 year",2004,,1.3,,A,Normal value,0,Units,,,,,1,One
DATAFLOW,OECD.SDD.TPS:DSD_G20_PRICES@DF_G20_PRICES(1.0),"G20 - Consumer price indices, all items",I,GBR,United Kingdom,A,Annual,HICP,Eurostat harmonised index of consumer prices (HICP),CPI,Consumer price index,PA,Percent per annum,_T,Total,N,Neither seasonally adjusted nor calendar adjusted,GY,"Growth rate, over 1 year",2005,,2.1,,A,Normal value,0,Units,,,,,1,One
DATAFLOW,OECD.SDD.TPS:DSD_G20_PRICES@DF_G20_PRICES(1.0),"G20 - Consumer price indices, all items",I,GBR,United Kingdom,A,Annual,HICP,Eurostat harmonised index of consumer prices (HICP),CPI,Consumer price index,PA,Percent per annum,_T,Total,N,Neither seasonally adjusted nor calendar adjusted,GY,"Growth rate, over 1 year",2006,,2.3,,A,Normal value,0,Units,,,,,1,One
DATAFLOW,OECD.SDD.TPS:DSD_G20_PRICES@DF_G20_PRICES(1.0),"G20 - Consumer price indices, all items",I,GBR,United Kingdom,A,Annual,HICP,Eurostat harmonised index of consumer prices (HICP),CPI,Consumer price index,PA,Percent per annum,_T,Total,N,Neither seasonally adjusted nor calendar adjusted,GY,"Growth rate, over 1 year",2007,,2.3,,A,Normal value,0,Units,,,,,1,One
DATAFLOW,OECD.SDD.TPS:DSD_G20_PRICES@DF_G20_PRICES(1.0),"G20 - Consumer price indices, all items",I,GBR,United Kingdom,A,Annual,HICP,Eurostat harmonised index of consumer prices (HICP),CPI,Consumer price index,PA,Percent per annum,_T,Total,N,Neither seasonally adjusted nor calendar adjusted,GY,"Growth rate, over 1 year",2008,,3.6,,A,Normal value,0,Units,,,,,1,One
DATAFLOW,OECD.SDD.TPS:DSD_G20_PRICES@DF_G20_PRICES(1.0),"G20 - Consumer price indices, all items",I,GBR,United Kingdom,A,Annual,HICP,Eurostat harmonised index of consumer prices (HICP),CPI,Consumer price index,PA,Percent per annum,_T,Total,N,Neither seasonally adjusted nor calendar adjusted,GY,"Growth rate, over 1 year",2009,,2.2,,A,Normal value,0,Units,,,,,1,One
DATAFLOW,OECD.SDD.TPS:DSD_G20_PRICES@DF_G20_PRICES(1.0),"G20 - Consumer price indices, all items",I,GBR,United Kingdom,A,Annual,HICP,Eurostat harmonised index of consumer prices (HICP),CPI,Consumer price index,PA,Percent per annum,_T,Total,N,Neither seasonally adjusted nor calendar adjusted,GY,"Growth rate, over 1 year",2010,,3.3,,A,Normal value,0,Units,,,,,1,One
DATAFLOW,OECD.SDD.TPS:DSD_G20_PRICES@DF_G20_PRICES(1.0),"G20 - Consumer price indices, all items",I,GBR,United Kingdom,A,Annual,HICP,Eurostat harmonised index of consumer prices (HICP),CPI,Consumer price index,PA,Percent per annum,_T,Total,N,Neither seasonally adjusted nor calendar adjusted,GY,"Growth rate, over 1 year",2011,,4.5,,A,Normal value,0,Units,,,,,1,One
DATAFLOW,OECD.SDD.TPS:DSD_G20_PRICES@DF_G20_PRICES(1.0),"G20 - Consumer price indices, all items",I,GBR,United Kingdom,A,Annual,HICP,Eurostat harmonised index of consumer prices (HICP),CPI,Consumer price index,PA,Percent per annum,_T,Total,N,Neither seasonally adjusted nor calendar adjusted,GY,"Growth rate, over 1 year",2012,,2.8,,A,Normal value,0,Units,,,,,1,One
DATAFLOW,OECD.SDD.TPS:DSD_G20_PRICES@DF_G20_PRICES(1.0),"G20 - Consumer price indices, all items",I,GBR,United Kingdom,A,Annual,HICP,Eurostat harmonised index of consumer prices (HICP),CPI,Consumer price index,PA,Percent per annum,_T,Total,N,Neither seasonally adjusted nor calendar adjusted,GY,"Growth rate, over 1 year",2013,,2.6,,A,Normal value,0,Units,,,,,1,One
DATAFLOW,OECD.SDD.TPS:DSD_G20_PRICES@DF_G20_PRICES(1.0),"G20 - Consumer price indices, all items",I,GBR,United Kingdom,A,Annual,HICP,Eurostat harmonised index of consumer prices (HICP),CPI,Consumer price index,PA,Percent per annum,_T,Total,N,Neither seasonally adjusted nor calendar adjusted,GY,"Growth rate, over 1 year",2014,,1.5,,A,Normal value,0,Units,,,,,1,One
DATAFLOW,OECD.SDD.TPS:DSD_G20_PRICES@DF_G20_PRICES(1.0),"G20 - Consumer price indices, all items",I,GBR,United Kingdom,A,Annual,HICP,Eurostat harmonised index of consumer prices (HICP),CPI,Consumer price index,PA,Percent per annum,_T,Total,N,Neither seasonally adjusted nor calendar adjusted,GY,"Growth rate, over 1 year",2015,,0,,A,Normal value,0,Units,,,,,1,One
DATAFLOW,OECD.SDD.TPS:DSD_G20_PRICES@DF_G20_PRICES(1.0),"G20 - Consumer price indices, all items",I,GBR,United Kingdom,A,Annual,HICP,Eurostat harmonised index of consumer prices (HICP),CPI,Consumer price index,PA,Percent per annum,_T,Total,N,Neither seasonally adjusted nor calendar adjusted,GY,"Growth rate, over 1 year",2016,,0.7,,A,Normal value,0,Units,,,,,1,One
DATAFLOW,OECD.SDD.TPS:DSD_G20_PRICES@DF_G20_PRICES(1.0),"G20 - Consumer price indices, all items",I,GBR,United Kingdom,A,Annual,HICP,Eurostat harmonised index of consumer prices (HICP),CPI,Consumer price index,PA,Percent per annum,_T,Total,N,Neither seasonally adjusted nor calendar adjusted,GY,"Growth rate, over 1 year",2017,,2.7,,A,Normal value,0,Units,,,,,1,One
DATAFLOW,OECD.SDD.TPS:DSD_G20_PRICES@DF_G20_PRICES(1.0),"G20 - Consumer price indices, all items",I,GBR,United Kingdom,A,Annual,HICP,Eurostat harmonised index of consumer prices (HICP),CPI,Consumer price index,PA,Percent per annum,_T,Total,N,Neither seasonally adjusted nor calendar adjusted,GY,"Growth rate, over 1 year",2018,,2.5,,A,Normal value,0,Units,,,,,1,One
DATAFLOW,OECD.SDD.TPS:DSD_G20_PRICES@DF_G20_PRICES(1.0),"G20 - Consumer price indices, all items",I,GBR,United Kingdom,A,Annual,HICP,Eurostat harmonised index of consumer prices (HICP),CPI,Consumer price index,PA,Percent per annum,_T,Total,N,Neither seasonally adjusted nor calendar adjusted,GY,"Growth rate, over 1 year",2019,,1.8,,A,Normal value,0,Units,,,,,1,One
DATAFLOW,OECD.SDD.TPS:DSD_G20_PRICES@DF_G20_PRICES(1.0),"G20 - Consumer price indices, all items",I,GBR,United Kingdom,A,Annual,HICP,Eurostat harmonised index of consumer prices (HICP),CPI,Consumer price index,PA,Percent per annum,_T,Total,N,Neither seasonally adjusted nor calendar adjusted,GY,"Growth rate, over 1 year",2020,,0.8812616,,A,Normal value,0,Units,,,,,1,One
DATAFLOW,OECD.SDD.TPS:DSD_G20_PRICES@DF_G20_PRICES(1.0),"G20 - Consumer price indices, all items",I,GBR,United Kingdom,A,Annual,HICP,Eurostat harmonised index of consumer prices (HICP),CPI,Consumer price index,PA,Percent per annum,_T,Total,N,Neither seasonally adjusted nor calendar adjusted,GY,"Growth rate, over 1 year",2021,,2.582376,,A,Normal value,0,Units,,,,,1,One
DATAFLOW,OECD.SDD.TPS:DSD_G20_PRICES@DF_G20_PRICES(1.0),"G20 - Consumer price indices, all items",I,GBR,United Kingdom,A,Annual,HICP,Eurostat harmonised index of consumer prices (HICP),CPI,Consumer price index,PA,Percent per annum,_T,Total,N,Neither seasonally adjusted nor calendar adjusted,GY,"Growth rate, over 1 year",2022,,9.053559,,A,Normal value,0,Units,,,,,1,One
DATAFLOW,OECD.SDD.TPS:DSD_G20_PRICES@DF_G20_PRICES(1.0),"G20 - Consumer price indices, all items",I,GBR,United Kingdom,A,Annual,HICP,Eurostat harmonised index of consumer prices (HICP),CPI,Consumer price index,PA,Percent per annum,_T,Total,N,Neither seasonally adjusted nor calendar adjusted,GY,"Growth rate, over 1 year",2023,,7.30187,,A,Normal value,0,Units,,,,,1,One
DATAFLOW,OECD.SDD.TPS:DSD_G20_PRICES@DF_G20_PRICES(1.0),"G20 - Consumer price indices, all items",I,GBR,United Kingdom,A,Annual,HICP,Eurostat harmonised index of consumer prices (HICP),CPI,Consumer price index,PA,Percent per annum,_T,Total,N,Neither seasonally adjusted nor calendar adjusted,GY,"Growth rate, over 1 year",2024,,2.540696,,A,Normal value,0,Units,,,,,1,One
DATAFLOW,OECD.SDD.TPS:DSD_G20_PRICES@DF_G20_PRICES(1.0),"G20 - Consumer price indices, all items",I,GBR,United Kingdom,A,Annual,HICP,Eurostat harmonised index of consumer prices (HICP),CPI,Consumer price index,PA,Percent per annum,_T,Total,N,Neither seasonally adjusted nor calendar adjusted,GY,"Growth rate, over 1 year",2025,,3.367989,,A,Normal value,0,Units,,,,,1,One
DATAFLOW,OECD.SDD.TPS:DSD_G20_PRICES@DF_G20_PRICES(1.0),"G20 - Consumer price indices, all items",I,USA,United States,A,Annual,N,National,CPI,Consumer price index,PA,Percent per annum,_T,Total,N,Neither seasonally adjusted nor calendar adjusted,GY,"Growth rate, over 1 year",1970,,5.838255,,A,Normal value,0,Units,,,,,1,One
DATAFLOW,OECD.SDD.TPS:DSD_G20_PRICES@DF_G20_PRICES(1.0),"G20 - Consumer price indices, all items",I,USA,United States,A,Annual,N,National,CPI,Consumer price index,PA,Percent per annum,_T,Total,N,Neither seasonally adjusted nor calendar adjusted,GY,"Growth rate, over 1 year",1971,,4.292767,,A,Normal value,0,Units,,,,,1,One
DATAFLOW,OECD.SDD.TPS:DSD_G20_PRICES@DF_G20_PRICES(1.0),"G20 - Consumer price indices, all items",I,USA,United States,A,Annual,N,National,CPI,Consumer price index,PA,Percent per annum,_T,Total,N,Neither seasonally adjusted nor calendar adjusted,GY,"Growth rate, over 1 year",1972,,3.272278,,A,Normal value,0,Units,,,,,1,One
DATAFLOW,OECD.SDD.TPS:DSD_G20_PRICES@DF_G20_PRICES(1.0),"G20 - Consumer price indices, all items",I,USA,United States,A,Annual,N,National,CPI,Consumer price index,PA,Percent per annum,_T,Total,N,Neither seasonally adjusted nor calendar adjusted,GY,"Growth rate, over 1 year",1973,,6.17776,,A,Normal value,0,Units,,,,,1,One
DATAFLOW,OECD.SDD.TPS:DSD_G20_PRICES@DF_G20_PRICES(1.0),"G20 - Consumer price indices, all items",I,USA,United States,A,Annual,N,National,CPI,Consumer price index,PA,Percent per annum,_T,Total,N,Neither seasonally adjusted nor calendar adjusted,GY,"Growth rate, over 1 year",1974,,11.0548,,A,Normal value,0,Units,,,,,1,One
DATAFLOW,OECD.SDD.TPS:DSD_G20_PRICES@DF_G20_PRICES(1.0),"G20 - Consumer price indices, all items",I,USA,United States,A,Annual,N,National,CPI,Consumer price index,PA,Percent per annum,_T,Total,N,Neither seasonally adjusted nor calendar adjusted,GY,"Growth rate, over 1 year",1975,,9.143147,,A,Normal value,0,Units,,,,,1,One
DATAFLOW,OECD.SDD.TPS:DSD_G20_PRICES@DF_G20_PRICES(1.0),"G20 - Consumer price indices, all items",I,USA,United States,A,Annual,N,National,CPI,Consumer price index,PA,Percent per annum,_T,Total,N,Neither seasonally adjusted nor calendar adjusted,GY,"Growth rate, over 1 year",1976,,5.744812,,A,Normal value,0,Units,,,,,1,One
DATAFLOW,OECD.SDD.TPS:DSD_G20_PRICES@DF_G20_PRICES(1.0),"G20 - Consumer price indices, all items",I,USA,United States,A,Annual,N,National,CPI,Consumer price index,PA,Percent per annum,_T,Total,N,Neither seasonally adjusted nor calendar adjusted,GY,"Growth rate, over 1 year",1977,,6.501684,,A,Normal value,0,Units,,,,,1,One
DATAFLOW,OECD.SDD.TPS:DSD_G20_PRICES@DF_G20_PRICES(1.0),"G20 - Consumer price indices, all items",I,USA,United States,A,Annual,N,National,CPI,Consumer price index,PA,Percent per annum,_T,Total,N,Neither seasonally adjusted nor calendar adjusted,GY,"Growth rate, over 1 year",1978,,7.630964,,A,Normal value,0,Units,,,,,1,One
DATAFLOW,OECD.SDD.TPS:DSD_G20_PRICES@DF_G20_PRICES(1.0),"G20 - Consumer price indices, all items",I,USA,United States,A,Annual,N,National,CPI,Consumer price index,PA,Percent per annum,_T,Total,N,Neither seasonally adjusted nor calendar adjusted,GY,"Growth rate, over 1 year",1979,,11.25447,,A,Normal value,0,Units,,,,,1,One
DATAFLOW,OECD.SDD.TPS:DSD_G20_PRICES@DF_G20_PRICES(1.0),"G20 - Consumer price indices, all items",I,USA,United States,A,Annual,N,National,CPI,Consumer price index,PA,Percent per annum,_T,Total,N,Neither seasonally adjusted nor calendar adjusted,GY,"Growth rate, over 1 year",1980,,13.5492,,A,Normal value,0,Units,,,,,1,One
DATAFLOW,OECD.SDD.TPS:DSD_G20_PRICES@DF_G20_PRICES(1.0),"G20 - Consumer price indices, all items",I,USA,United States,A,Annual,N,National,CPI,Consumer price index,PA,Percent per annum,_T,Total,N,Neither seasonally adjusted nor calendar adjusted,GY,"Growth rate, over 1 year",1981,,10.33471,,A,Normal value,0,Units,,,,,1,One
DATAFLOW,OECD.SDD.TPS:DSD_G20_PRICES@DF_G20_PRICES(1.0),"G20 - Consumer price indices, all items",I,USA,United States,A,Annual,N,National,CPI,Consumer price index,PA,Percent per annum,_T,Total,N,Neither seasonally adjusted nor calendar adjusted,GY,"Growth rate, over 1 year",1982,,6.131427,,A,Normal value,0,Units,,,,,1,One
DATAFLOW,OECD.SDD.TPS:DSD_G20_PRICES@DF_G20_PRICES(1.0),"G20 - Consumer price indices, all items",I,USA,United States,A,Annual,N,National,CPI,Consumer price index,PA,Percent per annum,_T,Total,N,Neither seasonally adjusted nor calendar adjusted,GY,"Growth rate, over 1 year",1983,,3.212435,,A,Normal value,0,Units,,,,,1,One
DATAFLOW,OECD.SDD.TPS:DSD_G20_PRICES@DF_G20_PRICES(1.0),"G20 - Consumer price indices, all items",I,USA,United States,A,Annual,N,National,CPI,Consumer price index,PA,Percent per annum,_T,Total,N,Neither seasonally adjusted nor calendar adjusted,GY,"Growth rate, over 1 year",1984,,4.300536,,A,Normal value,0,Units,,,,,1,One
DATAFLOW,OECD.SDD.TPS:DSD_G20_PRICES@DF_G20_PRICES(1.0),"G20 - Consumer price indices, all items",I,USA,United States,A,Annual,N,National,CPI,Consumer price index,PA,Percent per annum,_T,Total,N,Neither seasonally adjusted nor calendar adjusted,GY,"Growth rate, over 1 year",1985,,3.545644,,A,Normal value,0,Units,,,,,1,One
DATAFLOW,OECD.SDD.TPS:DSD_G20_PRICES@DF_G20_PRICES(1.0),"G20 - Consumer price indices, all items",I,USA,United States,A,Annual,N,National,CPI,Consumer price index,PA,Percent per annum,_T,Total,N,Neither seasonally adjusted nor calendar adjusted,GY,"Growth rate, over 1 year",1986,,1.898048,,A,Normal value,0,Units,,,,,1,One
DATAFLOW,OECD.SDD.TPS:DSD_G20_PRICES@DF_G20_PRICES(1.0),"G20 - Consumer price indices, all items",I,USA,United States,A,Annual,N,National,CPI,Consumer price index,PA,Percent per annum,_T,Total,N,Neither seasonally adjusted nor calendar adjusted,GY,"Growth rate, over 1 year",1987,,3.664563,,A,Normal value,0,Units,,,,,1,One
DATAFLOW,OECD.SDD.TPS:DSD_G20_PRICES@DF_G20_PRICES(1.0),"G20 - Consumer price indices, all items",I,USA,United States,A,Annual,N,National,CPI,Consumer price index,PA,Percent per annum,_T,Total,N,Neither seasonally adjusted nor calendar adjusted,GY,"Growth rate, over 1 year",1988,,4.077741,,A,Normal value,0,Units,,,,,1,One
DATAFLOW,OECD.SDD.TPS:DSD_G20_PRICES@DF_G20_PRICES(1.0),"G20 - Consumer price indices, all items",I,USA,United States,A,Annual,N,National,CPI,Consumer price index,PA,Percent per annum,_T,Total,N,Neither seasonally adjusted nor calendar adjusted,GY,"Growth rate, over 1 year",1989,,4.827003,,A,Normal value,0,Units,,,,,1,One
DATAFLOW,OECD.SDD.TPS:DSD_G20_PRICES@DF_G20_PRICES(1.0),"G20 - Consumer price indices, all items",I,USA,United States,A,Annual,N,National,CPI,Consumer price index,PA,Percent per annum,_T,Total,N,Neither seasonally adjusted nor calendar adjusted,GY,"Growth rate, over 1 year",1990,,5.397956,,A,Normal value,0,Units,,,,,1,One
DATAFLOW,OECD.SDD.TPS:DSD_G20_PRICES@DF_G20_PRICES(1.0),"G20 - Consumer price indices, all items",I,USA,United States,A,Annual,N,National,CPI,Consumer price index,PA,Percent per annum,_T,Total,N,Neither seasonally adjusted nor calendar adjusted,GY,"Growth rate, over 1 year",1991,,4.234964,,A,Normal value,0,Units,,,,,1,One
DATAFLOW,OECD.SDD.TPS:DSD_G20_PRICES@DF_G20_PRICES(1.0),"G20 - Consumer price indices, all items",I,USA,United States,A,Annual,N,National,CPI,Consumer price index,PA,Percent per annum,_T,Total,N,Neither seasonally adjusted nor calendar adjusted,GY,"Growth rate, over 1 year",1992,,3.02882,,A,Normal value,0,Units,,,,,1,One
DATAFLOW,OECD.SDD.TPS:DSD_G20_PRICES@DF_G20_PRICES(1.0),"G20 - Consumer price indices, all items",I,USA,United States,A,Annual,N,National,CPI,Consumer price index,PA,Percent per annum,_T,Total,N,Neither seasonally adjusted nor calendar adjusted,GY,"Growth rate, over 1 year",1993,,2.951657,,A,Normal value,0,Units,,,,,1,One
DATAFLOW,OECD.SDD.TPS:DSD_G20_PRICES@DF_G20_PRICES(1.0),"G20 - Consumer price indices, all items",I,USA,United States,A,Annual,N,National,CPI,Consumer price index,PA,Percent per annum,_T,Total,N,Neither seasonally adjusted nor calendar adjusted,GY,"Growth rate, over 1 year",1994,,2.607442,,A,Normal value,0,Units,,,,,1,One
DATAFLOW,OECD.SDD.TPS:DSD_G20_PRICES@DF_G20_PRICES(1.0),"G20 - Consumer price indices, all items",I,USA,United States,A,Annual,N,National,CPI,Consumer price index,PA,Percent per annum,_T,Total,N,Neither seasonally adjusted nor calendar adjusted,GY,"Growth rate, over 1 year",1995,,2.80542,,A,Normal value,0,Units,,,,,1,One
DATAFLOW,OECD.SDD.TPS:DSD_G20_PRICES@DF_G20_PRICES(1.0),"G20 - Consumer price indices, all items",I,USA,United States,A,Annual,N,National,CPI,Consumer price index,PA,Percent per annum,_T,Total,N,Neither seasonally adjusted nor calendar adjusted,GY,"Growth rate, over 1 year",1996,,2.931204,,A,Normal value,0,Units,,,,,1,One
DATAFLOW,OECD.SDD.TPS:DSD_G20_PRICES@DF_G20_PRICES(1.0),"G20 - Consumer price indices, all items",I,USA,United States,A,Annual,N,National,CPI,Consumer price index,PA,Percent per annum,_T,Total,N,Neither seasonally adjusted nor calendar adjusted,GY,"Growth rate, over 1 year",1997,,2.33769,,A,Normal value,0,Units,,,,,1,One
DATAFLOW,OECD.SDD.TPS:DSD_G20_PRICES@DF_G20_PRICES(1.0),"G20 - Consumer price indices, all items",I,USA,United States,A,Annual,N,National,CPI,Consumer price index,PA,Percent per annum,_T,Total,N,Neither seasonally adjusted nor calendar adjusted,GY,"Growth rate, over 1 year",1998,,1.552279,,A,Normal value,0,Units,,,,,1,One
DATAFLOW,OECD.SDD.TPS:DSD_G20_PRICES@DF_G20_PRICES(1.0),"G20 - Consumer price indices, all items",I,USA,United States,A,Annual,N,National,CPI,Consumer price index,PA,Percent per annum,_T,Total,N,Neither seasonally adjusted nor calendar adjusted,GY,"Growth rate, over 1 year",1999,,2.188027,,A,Normal value,0,Units,,,,,1,One
DATAFLOW,OECD.SDD.TPS:DSD_G20_PRICES@DF_G20_PRICES(1.0),"G20 - Consumer price indices, all items",I,USA,United States,A,Annual,N,National,CPI,Consumer price index,PA,Percent per annum,_T,Total,N,Neither seasonally adjusted nor calendar adjusted,GY,"Growth rate, over 1 year",2000,,3.376857,,A,Normal value,0,Units,,,,,1,One
DATAFLOW,OECD.SDD.TPS:DSD_G20_PRICES@DF_G20_PRICES(1.0),"G20 - Consumer price indices, all items",I,USA,United States,A,Annual,N,National,CPI,Consumer price index,PA,Percent per annum,_T,Total,N,Neither seasonally adjusted nor calendar adjusted,GY,"Growth rate, over 1 year",2001,,2.826171,,A,Normal value,0,Units,,,,,1,One
DATAFLOW,OECD.SDD.TPS:DSD_G20_PRICES@DF_G20_PRICES(1.0),"G20 - Consumer price indices, all items",I,USA,United States,A,Annual,N,National,CPI,Consumer price index,PA,Percent per annum,_T,Total,N,Neither seasonally adjusted nor calendar adjusted,GY,"Growth rate, over 1 year",2002,,1.586032,,A,Normal value,0,Units,,,,,1,One
DATAFLOW,OECD.SDD.TPS:DSD_G20_PRICES@DF_G20_PRICES(1.0),"G20 - Consumer price indices, all items",I,USA,United States,A,Annual,N,National,CPI,Consumer price index,PA,Percent per annum,_T,Total,N,Neither seasonally adjusted nor calendar adjusted,GY,"Growth rate, over 1 year",2003,,2.270095,,A,Normal value,0,Units,,,,,1,One
DATAFLOW,OECD.SDD.TPS:DSD_G20_PRICES@DF_G20_PRICES(1.0),"G20 - Consumer price indices, all items",I,USA,United States,A,Annual,N,National,CPI,Consumer price index,PA,Percent per annum,_T,Total,N,Neither seasonally adjusted nor calendar adjusted,GY,"Growth rate, over 1 year",2004,,2.677237,,A,Normal value,0,Units,,,,,1,One
DATAFLOW,OECD.SDD.TPS:DSD_G20_PRICES@DF_G20_PRICES(1.0),"G20 - Consumer price indices, all items",I,USA,United States,A,Annual,N,National,CPI,Consumer price index,PA,Percent per annum,_T,Total,N,Neither seasonally adjusted nor calendar adjusted,GY,"Growth rate, over 1 year",2005,,3.392747,,A,Normal value,0,Units,,,,,1,One
DATAFLOW,OECD.SDD.TPS:DSD_G20_PRICES@DF_G20_PRICES(1.0),"G20 - Consumer price indices, all items",I,USA,United States,A,Annual,N,National,CPI,Consumer price index,PA,Percent per annum,_T,Total,N,Neither seasonally adjusted nor calendar adjusted,GY,"Growth rate, over 1 year",2006,,3.225944,,A,Normal value,0,Units,,,,,1,One
DATAFLOW,OECD.SDD.TPS:DSD_G20_PRICES@DF_G20_PRICES(1.0),"G20 - Consumer price indices, all items",I,USA,United States,A,Annual,N,National,CPI,Consumer price index,PA,Percent per annum,_T,Total,N,Neither seasonally adjusted nor calendar adjusted,GY,"Growth rate, over 1 year",2007,,2.852673,,A,Normal value,0,Units,,,,,1,One
DATAFLOW,OECD.SDD.TPS:DSD_G20_PRICES@DF_G20_PRICES(1.0),"G20 - Consumer price indices, all items",I,USA,United States,A,Annual,N,National,CPI,Consumer price index,PA,Percent per annum,_T,Total,N,Neither seasonally adjusted nor calendar adjusted,GY,"Growth rate, over 1 year",2008,,3.8391,,A,Normal value,0,Units,,,,,1,One
DATAFLOW,OECD.SDD.TPS:DSD_G20_PRICES@DF_G20_PRICES(1.0),"G20 - Consumer price indices, all items",I,USA,United States,A,Annual,N,National,CPI,Consumer price index,PA,Percent per annum,_T,Total,N,Neither seasonally adjusted nor calendar adjusted,GY,"Growth rate, over 1 year",2009,,-0.3555463,,A,Normal value,0,Units,,,,,1,One
DATAFLOW,OECD.SDD.TPS:DSD_G20_PRICES@DF_G20_PRICES(1.0),"G20 - Consumer price indices, all items",I,USA,United States,A,Annual,N,National,CPI,Consumer price index,PA,Percent per annum,_T,Total,N,Neither seasonally adjusted nor calendar adjusted,GY,"Growth rate, over 1 year",2010,,1.640043,,A,Normal value,0,Units,,,,,1,One
DATAFLOW,OECD.SDD.TPS:DSD_G20_PRICES@DF_G20_PRICES(1.0),"G20 - Consumer price indices, all items",I,USA,United States,A,Annual,N,National,CPI,Consumer price index,PA,Percent per annum,_T,Total,N,Neither seasonally adjusted nor calendar adjusted,GY,"Growth rate, over 1 year",2011,,3.156842,,A,Normal value,0,Units,,,,,1,One
DATAFLOW,OECD.SDD.TPS:DSD_G20_PRICES@DF_G20_PRICES(1.0),"G20 - Consumer price indices, all items",I,USA,United States,A,Annual,N,National,CPI,Consumer price index,PA,Percent per annum,_T,Total,N,Neither seasonally adjusted nor calendar adjusted,GY,"Growth rate, over 1 year",2012,,2.069337,,A,Normal value,0,Units,,,,,1,One
DATAFLOW,OECD.SDD.TPS:DSD_G20_PRICES@DF_G20_PRICES(1.0),"G20 - Consumer price indices, all items",I,USA,United States,A,Annual,N,National,CPI,Consumer price index,PA,Percent per annum,_T,Total,N,Neither seasonally adjusted nor calendar adjusted,GY,"Growth rate, over 1 year",2013,,1.464833,,A,Normal value,0,Units,,,,,1,One
DATAFLOW,OECD.SDD.TPS:DSD_G20_PRICES@DF_G20_PRICES(1.0),"G20 - Consumer price indices, all items",I,USA,United States,A,Annual,N,National,CPI,Consumer price index,PA,Percent per annum,_T,Total,N,Neither seasonally adjusted nor calendar adjusted,GY,"Growth rate, over 1 year",2014,,1.622223,,A,Normal value,0,Units,,,,,1,One
DATAFLOW,OECD.SDD.TPS:DSD_G20_PRICES@DF_G20_PRICES(1.0),"G20 - Consumer price indices, all items",I,USA,United States,A,Annual,N,National,CPI,Consumer price index,PA,Percent per annum,_T,Total,N,Neither seasonally adjusted nor calendar adjusted,GY,"Growth rate, over 1 year",2015,,0.1186271,,A,Normal value,0,Units,,,,,1,One
DATAFLOW,OECD.SDD.TPS:DSD_G20_PRICES@DF_G20_PRICES(1.0),"G20 - Consumer price indices, all items",I,USA,United States,A,Annual,N,National,CPI,Consumer price index,PA,Percent per annum,_T,Total,N,Neither seasonally adjusted nor calendar adjusted,GY,"Growth rate, over 1 year",2016,,1.261583,,A,Normal value,0,Units,,,,,1,One
DATAFLOW,OECD.SDD.TPS:DSD_G20_PRICES@DF_G20_PRICES(1.0),"G20 - Consumer price indices, all items",I,USA,United States,A,Annual,N,National,CPI,Consumer price index,PA,Percent per annum,_T,Total,N,Neither seasonally adjusted nor calendar adjusted,GY,"Growth rate, over 1 year",2017,,2.13011,,A,Normal value,0,Units,,,,,1,One
DATAFLOW,OECD.SDD.TPS:DSD_G20_PRICES@DF_G20_PRICES(1.0),"G20 - Consumer price indices, all items",I,USA,United States,A,Annual,N,National,CPI,Consumer price index,PA,Percent per annum,_T,Total,N,Neither seasonally adjusted nor calendar adjusted,GY,"Growth rate, over 1 year",2018,,2.442583,,A,Normal value,0,Units,,,,,1,One
DATAFLOW,OECD.SDD.TPS:DSD_G20_PRICES@DF_G20_PRICES(1.0),"G20 - Consumer price indices, all items",I,USA,United States,A,Annual,N,National,CPI,Consumer price index,PA,Percent per annum,_T,Total,N,Neither seasonally adjusted nor calendar adjusted,GY,"Growth rate, over 1 year",2019,,1.81221,,A,Normal value,0,Units,,,,,1,One
DATAFLOW,OECD.SDD.TPS:DSD_G20_PRICES@DF_G20_PRICES(1.0),"G20 - Consumer price indices, all items",I,USA,United States,A,Annual,N,National,CPI,Consumer price index,PA,Percent per annum,_T,Total,N,Neither seasonally adjusted nor calendar adjusted,GY,"Growth rate, over 1 year",2020,,1.233584,,A,Normal value,0,Units,,,,,1,One
DATAFLOW,OECD.SDD.TPS:DSD_G20_PRICES@DF_G20_PRICES(1.0),"G20 - Consumer price indices, all items",I,USA,United States,A,Annual,N,National,CPI,Consumer price index,PA,Percent per annum,_T,Total,N,Neither seasonally adjusted nor calendar adjusted,GY,"Growth rate, over 1 year",2021,,4.697859,,A,Normal value,0,Units,,,,,1,One
DATAFLOW,OECD.SDD.TPS:DSD_G20_PRICES@DF_G20_PRICES(1.0),"G20 - Consumer price indices, all items",I,USA,United States,A,Annual,N,National,CPI,Consumer price index,PA,Percent per annum,_T,Total,N,Neither seasonally adjusted nor calendar adjusted,GY,"Growth rate, over 1 year",2022,,8.0028,,A,Normal value,0,Units,,,,,1,One
DATAFLOW,OECD.SDD.TPS:DSD_G20_PRICES@DF_G20_PRICES(1.0),"G20 - Consumer price indices, all items",I,USA,United States,A,Annual,N,National,CPI,Consumer price index,PA,Percent per annum,_T,Total,N,Neither seasonally adjusted nor calendar adjusted,GY,"Growth rate, over 1 year",2023,,4.116338,,A,Normal value,0,Units,,,,,1,One
DATAFLOW,OECD.SDD.TPS:DSD_G20_PRICES@DF_G20_PRICES(1.0),"G20 - Consumer price indices, all items",I,USA,United States,A,Annual,N,National,CPI,Consumer price index,PA,Percent per annum,_T,Total,N,Neither seasonally adjusted nor calendar adjusted,GY,"Growth rate, over 1 year",2024,,2.949525,,A,Normal value,0,Units,,,,,1,One
DATAFLOW,OECD.SDD.TPS:DSD_G20_PRICES@DF_G20_PRICES(1.0),"G20 - Consumer price indices, all items",I,GBR,United Kingdom,A,Annual,HICP,Eurostat harmonised index of consumer prices (HICP),CPI,Consumer price index,PC,Percentage change,_T,Total,N,Neither seasonally adjusted nor calendar adjusted,G1,"Growth rate, period on period",1996,,2.5,,A,Normal value,0,Units,,,,,1,One
DATAFLOW,OECD.SDD.TPS:DSD_G20_PRICES@DF_G20_PRICES(1.0),"G20 - Consumer price indices, all items",I,GBR,United Kingdom,A,Annual,HICP,Eurostat harmonised index of consumer prices (HICP),CPI,Consumer price index,PC,Percentage change,_T,Total,N,Neither seasonally adjusted nor calendar adjusted,G1,"Growth rate, period on period",1997,,1.8,,A,Normal value,0,Units,,,,,1,One
DATAFLOW,OECD.SDD.TPS:DSD_G20_PRICES@DF_G20_PRICES(1.0),"G20 - Consumer price indices, all items",I,GBR,United Kingdom,A,Annual,HICP,Eurostat harmonised index of consumer prices (HICP),CPI,Consumer price index,PC,Percentage change,_T,Total,N,Neither seasonally adjusted nor calendar adjusted,G1,"Growth rate, period on period",1998,,1.6,,A,Normal value,0,Units,,,,,1,One
DATAFLOW,OECD.SDD.TPS:DSD_G20_PRICES@DF_G20_PRICES(1.0),"G20 - Consumer price indices, all items",I,GBR,United Kingdom,A,Annual,HICP,Eurostat harmonised index of consumer prices (HICP),CPI,Consumer price index,PC,Percentage change,_T,Total,N,Neither seasonally adjusted nor calendar adjusted,G1,"Growth rate, period on period",1999,,1.3,,A,Normal value,0,Units,,,,,1,One
DATAFLOW,OECD.SDD.TPS:DSD_G20_PRICES@DF_G20_PRICES(1.0),"G20 - Consumer price indices, all items",I,GBR,United Kingdom,A,Annual,HICP,Eurostat harmonised index of consumer prices (HICP),CPI,Consumer price index,PC,Percentage change,_T,Total,N,Neither seasonally adjusted nor calendar adjusted,G1,"Growth rate, period on period",2000,,0.8,,A,Normal value,0,Units,,,,,1,One
DATAFLOW,OECD.SDD.TPS:DSD_G20_PRICES@DF_G20_PRICES(1.0),"G20 - Consumer price indices, all items",I,GBR,United Kingdom,A,Annual,HICP,Eurostat harmonised index of consumer prices (HICP),CPI,Consumer price index,PC,Percentage change,_T,Total,N,Neither seasonally adjusted nor calendar adjusted,G1,"Growth rate, period on period",2001,,1.2,,A,Normal value,0,Units,,,,,1,One
DATAFLOW,OECD.SDD.TPS:DSD_G20_PRICES@DF_G20_PRICES(1.0),"G20 - Consumer price indices, all items",I,GBR,United Kingdom,A,Annual,HICP,Eurostat harmonised index of consumer prices (HICP),CPI,Consumer price index,PC,Percentage change,_T,Total,N,Neither seasonally adjusted nor calendar adjusted,G1,"Growth rate, period on period",2002,,1.3,,A,Normal value,0,Units,,,,,1,One
DATAFLOW,OECD.SDD.TPS:DSD_G20_PRICES@DF_G20_PRICES(1.0),"G20 - Consumer price indices, all items",I,GBR,United Kingdom,A,Annual,HICP,Eurostat harmonised index of consumer prices (HICP),CPI,Consumer price index,PC,Percentage change,_T,Total,N,Neither seasonally adjusted nor calendar adjusted,G1,"Growth rate, period on period",2003,,1.4,,A,Normal value,0,Units,,,,,1,One
DATAFLOW,OECD.SDD.TPS:DSD_G20_PRICES@DF_G20_PRICES(1.0),"G20 - Consumer price indices, all items",I,GBR,United Kingdom,A,Annual,HICP,Eurostat harmonised index of consumer prices (HICP),CPI,Consumer price index,PC,Percentage change,_T,Total,N,Neither seasonally adjusted nor calendar adjusted,G1,"Growth rate, period on period",2004,,1.3,,A,Normal value,0,Units,,,,,1,One
DATAFLOW,OECD.SDD.TPS:DSD_G20_PRICES@DF_G20_PRICES(1.0),"G20 - Consumer price indices, all items",I,GBR,United Kingdom,A,Annual,HICP,Eurostat harmonised index of consumer prices (HICP),CPI,Consumer price index,PC,Percentage change,_T,Total,N,Neither seasonally adjusted nor calendar adjusted,G1,"Growth rate, period on period",2005,,2.1,,A,Normal value,0,Units,,,,,1,One
DATAFLOW,OECD.SDD.TPS:DSD_G20_PRICES@DF_G20_PRICES(1.0),"G20 - Consumer price indices, all items",I,GBR,United Kingdom,A,Annual,HICP,Eurostat harmonised index of consumer prices (HICP),CPI,Consumer price index,PC,Percentage change,_T,Total,N,Neither seasonally adjusted nor calendar adjusted,G1,"Growth rate, period on period",2006,,2.3,,A,Normal value,0,Units,,,,,1,One
DATAFLOW,OECD.SDD.TPS:DSD_G20_PRICES@DF_G20_PRICES(1.0),"G20 - Consumer price indices, all items",I,GBR,United Kingdom,A,Annual,HICP,Eurostat harmonised index of consumer prices (HICP),CPI,Consumer price index,PC,Percentage change,_T,Total,N,Neither seasonally adjusted nor calendar adjusted,G1,"Growth rate, period on period",2007,,2.3,,A,Normal value,0,Units,,,,,1,One
DATAFLOW,OECD.SDD.TPS:DSD_G20_PRICES@DF_G20_PRICES(1.0),"G20 - Consumer price indices, all items",I,GBR,United Kingdom,A,Annual,HICP,Eurostat harmonised index of consumer prices (HICP),CPI,Consumer price index,PC,Percentage change,_T,Total,N,Neither seasonally adjusted nor calendar adjusted,G1,"Growth rate, period on period",2008,,3.6,,A,Normal value,0,Units,,,,,1,One
DATAFLOW,OECD.SDD.TPS:DSD_G20_PRICES@DF_G20_PRICES(1.0),"G20 - Consumer price indices, all items",I,GBR,United Kingdom,A,Annual,HICP,Eurostat harmonised index of consumer prices (HICP),CPI,Consumer price index,PC,Percentage change,_T,Total,N,Neither seasonally adjusted nor calendar adjusted,G1,"Growth rate, period on period",2009,,2.2,,A,Normal value,0,Units,,,,,1,One
DATAFLOW,OECD.SDD.TPS:DSD_G20_PRICES@DF_G20_PRICES(1.0),"G20 - Consumer price indices, all items",I,GBR,United Kingdom,A,Annual,HICP,Eurostat harmonised index of consumer prices (HICP),CPI,Consumer price index,PC,Percentage change,_T,Total,N,Neither seasonally adjusted nor calendar adjusted,G1,"Growth rate, period on period",2010,,3.3,,A,Normal value,0,Units,,,,,1,One
DATAFLOW,OECD.SDD.TPS:DSD_G20_PRICES@DF_G20_PRICES(1.0),"G20 - Consumer price indices, all items",I,GBR,United Kingdom,A,Annual,HICP,Eurostat harmonised index of consumer prices (HICP),CPI,Consumer price index,PC,Percentage change,_T,Total,N,Neither seasonally adjusted nor calendar adjusted,G1,"Growth rate, period on period",2011,,4.5,,A,Normal value,0,Units,,,,,1,One
DATAFLOW,OECD.SDD.TPS:DSD_G20_PRICES@DF_G20_PRICES(1.0),"G20 - Consumer price indices, all items",I,GBR,United Kingdom,A,Annual,HICP,Eurostat harmonised index of consumer prices (HICP),CPI,Consumer price index,PC,Percentage change,_T,Total,N,Neither seasonally adjusted nor calendar adjusted,G1,"Growth rate, period on period",2012,,2.8,,A,Normal value,0,Units,,,,,1,One
DATAFLOW,OECD.SDD.TPS:DSD_G20_PRICES@DF_G20_PRICES(1.0),"G20 - Consumer price indices, all items",I,GBR,United Kingdom,A,Annual,HICP,Eurostat harmonised index of consumer prices (HICP),CPI,Consumer price index,PC,Percentage change,_T,Total,N,Neither seasonally adjusted nor calendar adjusted,G1,"Growth rate, period on period",2013,,2.6,,A,Normal value,0,Units,,,,,1,One
DATAFLOW,OECD.SDD.TPS:DSD_G20_PRICES@DF_G20_PRICES(1.0),"G20 - Consumer price indices, all items",I,GBR,United Kingdom,A,Annual,HICP,Eurostat harmonised index of consumer prices (HICP),CPI,Consumer price index,PC,Percentage change,_T,Total,N,Neither seasonally adjusted nor calendar adjusted,G1,"Growth rate, period on period",2014,,1.5,,A,Normal value,0,Units,,,,,1,One
DATAFLOW,OECD.SDD.TPS:DSD_G20_PRICES@DF_G20_PRICES(1.0),"G20 - Consumer price indices, all items",I,GBR,United Kingdom,A,Annual,HICP,Eurostat harmonised index of consumer prices (HICP),CPI,Consumer price index,PC,Percentage change,_T,Total,N,Neither seasonally adjusted nor calendar adjusted,G1,"Growth rate, period on period",2015,,0,,A,Normal value,0,Units,,,,,1,One
DATAFLOW,OECD.SDD.TPS:DSD_G20_PRICES@DF_G20_PRICES(1.0),"G20 - Consumer price indices, all items",I,GBR,United Kingdom,A,Annual,HICP,Eurostat harmonised index of consumer prices (HICP),CPI,Consumer price index,PC,Percentage change,_T,Total,N,Neither seasonally adjusted nor calendar adjusted,G1,"Growth rate, period on period",2016,,0.7,,A,Normal value,0,Units,,,,,1,One
DATAFLOW,OECD.SDD.TPS:DSD_G20_PRICES@DF_G20_PRICES(1.0),"G20 - Consumer price indices, all items",I,GBR,United Kingdom,A,Annual,HICP,Eurostat harmonised index of consumer prices (HICP),CPI,Consumer price index,PC,Percentage change,_T,Total,N,Neither seasonally adjusted nor calendar adjusted,G1,"Growth rate, period on period",2017,,2.7,,A,Normal value,0,Units,,,,,1,One
DATAFLOW,OECD.SDD.TPS:DSD_G20_PRICES@DF_G20_PRICES(1.0),"G20 - Consumer price indices, all items",I,GBR,United Kingdom,A,Annual,HICP,Eurostat harmonised index of consumer prices (HICP),CPI,Consumer price index,PC,Percentage change,_T,Total,N,Neither seasonally adjusted nor calendar adjusted,G1,"Growth rate, period on period",2018,,2.5,,A,Normal value,0,Units,,,,,1,One
DATAFLOW,OECD.SDD.TPS:DSD_G20_PRICES@DF_G20_PRICES(1.0),"G20 - Consumer price indices, all items",I,GBR,United Kingdom,A,Annual,HICP,Eurostat harmonised index of consumer prices (HICP),CPI,Consumer price index,PC,Percentage change,_T,Total,N,Neither seasonally adjusted nor calendar adjusted,G1,"Growth rate, period on period",2019,,1.8,,A,Normal value,0,Units,,,,,1,One
DATAFLOW,OECD.SDD.TPS:DSD_G20_PRICES@DF_G20_PRICES(1.0),"G20 - Consumer price indices, all items",I,GBR,United Kingdom,A,Annual,HICP,Eurostat harmonised index of consumer prices (HICP),CPI,Consumer price index,PC,Percentage change,_T,Total,N,Neither seasonally adjusted nor calendar adjusted,G1,"Growth rate, period on period",2020,,0.8812616,,A,Normal value,0,Units,,,,,1,One
DATAFLOW,OECD.SDD.TPS:DSD_G20_PRICES@DF_G20_PRICES(1.0),"G20 - Consumer price indices, all items",I,GBR,United Kingdom,A,Annual,HICP,Eurostat harmonised index of consumer prices (HICP),CPI,Consumer price index,PC,Percentage change,_T,Total,N,Neither seasonally adjusted nor calendar adjusted,G1,"Growth rate, period on period",2021,,2.582376,,A,Normal value,0,Units,,,,,1,One
DATAFLOW,OECD.SDD.TPS:DSD_G20_PRICES@DF_G20_PRICES(1.0),"G20 - Consumer price indices, all items",I,GBR,United Kingdom,A,Annual,HICP,Eurostat harmonised index of consumer prices (HICP),CPI,Consumer price index,PC,Percentage change,_T,Total,N,Neither seasonally adjusted nor calendar adjusted,G1,"Growth rate, period on period",2022,,9.053559,,A,Normal value,0,Units,,,,,1,One
DATAFLOW,OECD.SDD.TPS:DSD_G20_PRICES@DF_G20_PRICES(1.0),"G20 - Consumer price indices, all items",I,GBR,United Kingdom,A,Annual,HICP,Eurostat harmonised index of consumer prices (HICP),CPI,Consumer price index,PC,Percentage change,_T,Total,N,Neither seasonally adjusted nor calendar adjusted,G1,"Growth rate, period on period",2023,,7.30187,,A,Normal value,0,Units,,,,,1,One
DATAFLOW,OECD.SDD.TPS:DSD_G20_PRICES@DF_G20_PRICES(1.0),"G20 - Consumer price indices, all items",I,GBR,United Kingdom,A,Annual,HICP,Eurostat harmonised index of consumer prices (HICP),CPI,Consumer price index,PC,Percentage change,_T,Total,N,Neither seasonally adjusted nor calendar adjusted,G1,"Growth rate, period on period",2024,,2.540696,,A,Normal value,0,Units,,,,,1,One
DATAFLOW,OECD.SDD.TPS:DSD_G20_PRICES@DF_G20_PRICES(1.0),"G20 - Consumer price indices, all items",I,GBR,United Kingdom,A,Annual,HICP,Eurostat harmonised index of consumer prices (HICP),CPI,Consumer price index,PC,Percentage change,_T,Total,N,Neither seasonally adjusted nor calendar adjusted,G1,"Growth rate, period on period",2025,,3.367989,,A,Normal value,0,Units,,,,,1,One
DATAFLOW,OECD.SDD.TPS:DSD_G20_PRICES@DF_G20_PRICES(1.0),"G20 - Consumer price indices, all items",I,USA,United States,A,Annual,N,National,CPI,Consumer price index,PC,Percentage change,_T,Total,N,Neither seasonally adjusted nor calendar adjusted,G1,"Growth rate, period on period",1970,,5.838255,,A,Normal value,0,Units,,,,,1,One
DATAFLOW,OECD.SDD.TPS:DSD_G20_PRICES@DF_G20_PRICES(1.0),"G20 - Consumer price indices, all items",I,USA,United States,A,Annual,N,National,CPI,Consumer price index,PC,Percentage change,_T,Total,N,Neither seasonally adjusted nor calendar adjusted,G1,"Growth rate, period on period",1971,,4.292767,,A,Normal value,0,Units,,,,,1,One
DATAFLOW,OECD.SDD.TPS:DSD_G20_PRICES@DF_G20_PRICES(1.0),"G20 - Consumer price indices, all items",I,USA,United States,A,Annual,N,National,CPI,Consumer price index,PC,Percentage change,_T,Total,N,Neither seasonally adjusted nor calendar adjusted,G1,"Growth rate, period on period",1972,,3.272278,,A,Normal value,0,Units,,,,,1,One
DATAFLOW,OECD.SDD.TPS:DSD_G20_PRICES@DF_G20_PRICES(1.0),"G20 - Consumer price indices, all items",I,USA,United States,A,Annual,N,National,CPI,Consumer price index,PC,Percentage change,_T,Total,N,Neither seasonally adjusted nor calendar adjusted,G1,"Growth rate, period on period",1973,,6.17776,,A,Normal value,0,Units,,,,,1,One
DATAFLOW,OECD.SDD.TPS:DSD_G20_PRICES@DF_G20_PRICES(1.0),"G20 - Consumer price indices, all items",I,USA,United States,A,Annual,N,National,CPI,Consumer price index,PC,Percentage change,_T,Total,N,Neither seasonally adjusted nor calendar adjusted,G1,"Growth rate, period on period",1974,,11.0548,,A,Normal value,0,Units,,,,,1,One
DATAFLOW,OECD.SDD.TPS:DSD_G20_PRICES@DF_G20_PRICES(1.0),"G20 - Consumer price indices, all items",I,USA,United States,A,Annual,N,National,CPI,Consumer price index,PC,Percentage change,_T,Total,N,Neither seasonally adjusted nor calendar adjusted,G1,"Growth rate, period on period",1975,,9.143147,,A,Normal value,0,Units,,,,,1,One
DATAFLOW,OECD.SDD.TPS:DSD_G20_PRICES@DF_G20_PRICES(1.0),"G20 - Consumer price indices, all items",I,USA,United States,A,Annual,N,National,CPI,Consumer price index,PC,Percentage change,_T,Total,N,Neither seasonally adjusted nor calendar adjusted,G1,"Growth rate, period on period",1976,,5.744812,,A,Normal value,0,Units,,,,,1,One
DATAFLOW,OECD.SDD.TPS:DSD_G20_PRICES@DF_G20_PRICES(1.0),"G20 - Consumer price indices, all items",I,USA,United States,A,Annual,N,National,CPI,Consumer price index,PC,Percentage change,_T,Total,N,Neither seasonally adjusted nor calendar adjusted,G1,"Growth rate, period on period",1977,,6.501684,,A,Normal value,0,Units,,,,,1,One
DATAFLOW,OECD.SDD.TPS:DSD_G20_PRICES@DF_G20_PRICES(1.0),"G20 - Consumer price indices, all items",I,USA,United States,A,Annual,N,National,CPI,Consumer price index,PC,Percentage change,_T,Total,N,Neither seasonally adjusted nor calendar adjusted,G1,"Growth rate, period on period",1978,,7.630964,,A,Normal value,0,Units,,,,,1,One
DATAFLOW,OECD.SDD.TPS:DSD_G20_PRICES@DF_G20_PRICES(1.0),"G20 - Consumer price indices, all items",I,USA,United States,A,Annual,N,National,CPI,Consumer price index,PC,Percentage change,_T,Total,N,Neither seasonally adjusted nor calendar adjusted,G1,"Growth rate, period on period",1979,,11.25447,,A,Normal value,0,Units,,,,,1,One
DATAFLOW,OECD.SDD.TPS:DSD_G20_PRICES@DF_G20_PRICES(1.0),"G20 - Consumer price indices, all items",I,USA,United States,A,Annual,N,National,CPI,Consumer price index,PC,Percentage change,_T,Total,N,Neither seasonally adjusted nor calendar adjusted,G1,"Growth rate, period on period",1980,,13.5492,,A,Normal value,0,Units,,,,,1,One
DATAFLOW,OECD.SDD.TPS:DSD_G20_PRICES@DF_G20_PRICES(1.0),"G20 - Consumer price indices, all items",I,USA,United States,A,Annual,N,National,CPI,Consumer price index,PC,Percentage change,_T,Total,N,Neither seasonally adjusted nor calendar adjusted,G1,"Growth rate, period on period",1981,,10.33471,,A,Normal value,0,Units,,,,,1,One
DATAFLOW,OECD.SDD.TPS:DSD_G20_PRICES@DF_G20_PRICES(1.0),"G20 - Consumer price indices, all items",I,USA,United States,A,Annual,N,National,CPI,Consumer price index,PC,Percentage change,_T,Total,N,Neither seasonally adjusted nor calendar adjusted,G1,"Growth rate, period on period",1982,,6.131427,,A,Normal value,0,Units,,,,,1,One
DATAFLOW,OECD.SDD.TPS:DSD_G20_PRICES@DF_G20_PRICES(1.0),"G20 - Consumer price indices, all items",I,USA,United States,A,Annual,N,National,CPI,Consumer price index,PC,Percentage change,_T,Total,N,Neither seasonally adjusted nor calendar adjusted,G1,"Growth rate, period on period",1983,,3.212435,,A,Normal value,0,Units,,,,,1,One
DATAFLOW,OECD.SDD.TPS:DSD_G20_PRICES@DF_G20_PRICES(1.0),"G20 - Consumer price indices, all items",I,USA,United States,A,Annual,N,National,CPI,Consumer price index,PC,Percentage change,_T,Total,N,Neither seasonally adjusted nor calendar adjusted,G1,"Growth rate, period on period",1984,,4.300536,,A,Normal value,0,Units,,,,,1,One
DATAFLOW,OECD.SDD.TPS:DSD_G20_PRICES@DF_G20_PRICES(1.0),"G20 - Consumer price indices, all items",I,USA,United States,A,Annual,N,National,CPI,Consumer price index,PC,Percentage change,_T,Total,N,Neither seasonally adjusted nor calendar adjusted,G1,"Growth rate, period on period",1985,,3.545644,,A,Normal value,0,Units,,,,,1,One
DATAFLOW,OECD.SDD.TPS:DSD_G20_PRICES@DF_G20_PRICES(1.0),"G20 - Consumer price indices, all items",I,USA,United States,A,Annual,N,National,CPI,Consumer price index,PC,Percentage change,_T,Total,N,Neither seasonally adjusted nor calendar adjusted,G1,"Growth rate, period on period",1986,,1.898048,,A,Normal value,0,Units,,,,,1,One
DATAFLOW,OECD.SDD.TPS:DSD_G20_PRICES@DF_G20_PRICES(1.0),"G20 - Consumer price indices, all items",I,USA,United States,A,Annual,N,National,CPI,Consumer price index,PC,Percentage change,_T,Total,N,Neither seasonally adjusted nor calendar adjusted,G1,"Growth rate, period on period",1987,,3.664563,,A,Normal value,0,Units,,,,,1,One
DATAFLOW,OECD.SDD.TPS:DSD_G20_PRICES@DF_G20_PRICES(1.0),"G20 - Consumer price indices, all items",I,USA,United States,A,Annual,N,National,CPI,Consumer price index,PC,Percentage change,_T,Total,N,Neither seasonally adjusted nor calendar adjusted,G1,"Growth rate, period on period",1988,,4.077741,,A,Normal value,0,Units,,,,,1,One
DATAFLOW,OECD.SDD.TPS:DSD_G20_PRICES@DF_G20_PRICES(1.0),"G20 - Consumer price indices, all items",I,USA,United States,A,Annual,N,National,CPI,Consumer price index,PC,Percentage change,_T,Total,N,Neither seasonally adjusted nor calendar adjusted,G1,"Growth rate, period on period",1989,,4.827003,,A,Normal value,0,Units,,,,,1,One
DATAFLOW,OECD.SDD.TPS:DSD_G20_PRICES@DF_G20_PRICES(1.0),"G20 - Consumer price indices, all items",I,USA,United States,A,Annual,N,National,CPI,Consumer price index,PC,Percentage change,_T,Total,N,Neither seasonally adjusted nor calendar adjusted,G1,"Growth rate, period on period",1990,,5.397956,,A,Normal value,0,Units,,,,,1,One
DATAFLOW,OECD.SDD.TPS:DSD_G20_PRICES@DF_G20_PRICES(1.0),"G20 - Consumer price indices, all items",I,USA,United States,A,Annual,N,National,CPI,Consumer price index,PC,Percentage change,_T,Total,N,Neither seasonally adjusted nor calendar adjusted,G1,"Growth rate, period on period",1991,,4.234964,,A,Normal value,0,Units,,,,,1,One
DATAFLOW,OECD.SDD.TPS:DSD_G20_PRICES@DF_G20_PRICES(1.0),"G20 - Consumer price indices, all items",I,USA,United States,A,Annual,N,National,CPI,Consumer price index,PC,Percentage change,_T,Total,N,Neither seasonally adjusted nor calendar adjusted,G1,"Growth rate, period on period",1992,,3.02882,,A,Normal value,0,Units,,,,,1,One
DATAFLOW,OECD.SDD.TPS:DSD_G20_PRICES@DF_G20_PRICES(1.0),"G20 - Consumer price indices, all items",I,USA,United States,A,Annual,N,National,CPI,Consumer price index,PC,Percentage change,_T,Total,N,Neither seasonally adjusted nor calendar adjusted,G1,"Growth rate, period on period",1993,,2.951657,,A,Normal value,0,Units,,,,,1,One
DATAFLOW,OECD.SDD.TPS:DSD_G20_PRICES@DF_G20_PRICES(1.0),"G20 - Consumer price indices, all items",I,USA,United States,A,Annual,N,National,CPI,Consumer price index,PC,Percentage change,_T,Total,N,Neither seasonally adjusted nor calendar adjusted,G1,"Growth rate, period on period",1994,,2.607442,,A,Normal value,0,Units,,,,,1,One
DATAFLOW,OECD.SDD.TPS:DSD_G20_PRICES@DF_G20_PRICES(1.0),"G20 - Consumer price indices, all items",I,USA,United States,A,Annual,N,National,CPI,Consumer price index,PC,Percentage change,_T,Total,N,Neither seasonally adjusted nor calendar adjusted,G1,"Growth rate, period on period",1995,,2.80542,,A,Normal value,0,Units,,,,,1,One
DATAFLOW,OECD.SDD.TPS:DSD_G20_PRICES@DF_G20_PRICES(1.0),"G20 - Consumer price indices, all items",I,USA,United States,A,Annual,N,National,CPI,Consumer price index,PC,Percentage change,_T,Total,N,Neither seasonally adjusted nor calendar adjusted,G1,"Growth rate, period on period",1996,,2.931204,,A,Normal value,0,Units,,,,,1,One
DATAFLOW,OECD.SDD.TPS:DSD_G20_PRICES@DF_G20_PRICES(1.0),"G20 - Consumer price indices, all items",I,USA,United States,A,Annual,N,National,CPI,Consumer price index,PC,Percentage change,_T,Total,N,Neither seasonally adjusted nor calendar adjusted,G1,"Growth rate, period on period",1997,,2.33769,,A,Normal value,0,Units,,,,,1,One
DATAFLOW,OECD.SDD.TPS:DSD_G20_PRICES@DF_G20_PRICES(1.0),"G20 - Consumer price indices, all items",I,USA,United States,A,Annual,N,National,CPI,Consumer price index,PC,Percentage change,_T,Total,N,Neither seasonally adjusted nor calendar adjusted,G1,"Growth rate, period on period",1998,,1.552279,,A,Normal value,0,Units,,,,,1,One
DATAFLOW,OECD.SDD.TPS:DSD_G20_PRICES@DF_G20_PRICES(1.0),"G20 - Consumer price indices, all items",I,USA,United States,A,Annual,N,National,CPI,Consumer price index,PC,Percentage change,_T,Total,N,Neither seasonally adjusted nor calendar adjusted,G1,"Growth rate, period on period",1999,,2.188027,,A,Normal value,0,Units,,,,,1,One
DATAFLOW,OECD.SDD.TPS:DSD_G20_PRICES@DF_G20_PRICES(1.0),"G20 - Consumer price indices, all items",I,USA,United States,A,Annual,N,National,CPI,Consumer price index,PC,Percentage change,_T,Total,N,Neither seasonally adjusted nor calendar adjusted,G1,"Growth rate, period on period",2000,,3.376857,,A,Normal value,0,Units,,,,,1,One
DATAFLOW,OECD.SDD.TPS:DSD_G20_PRICES@DF_G20_PRICES(1.0),"G20 - Consumer price indices, all items",I,USA,United States,A,Annual,N,National,CPI,Consumer price index,PC,Percentage change,_T,Total,N,Neither seasonally adjusted nor calendar adjusted,G1,"Growth rate, period on period",2001,,2.826171,,A,Normal value,0,Units,,,,,1,One
DATAFLOW,OECD.SDD.TPS:DSD_G20_PRICES@DF_G20_PRICES(1.0),"G20 - Consumer price indices, all items",I,USA,United States,A,Annual,N,National,CPI,Consumer price index,PC,Percentage change,_T,Total,N,Neither seasonally adjusted nor calendar adjusted,G1,"Growth rate, period on period",2002,,1.586032,,A,Normal value,0,Units,,,,,1,One
DATAFLOW,OECD.SDD.TPS:DSD_G20_PRICES@DF_G20_PRICES(1.0),"G20 - Consumer price indices, all items",I,USA,United States,A,Annual,N,National,CPI,Consumer price index,PC,Percentage change,_T,Total,N,Neither seasonally adjusted nor calendar adjusted,G1,"Growth rate, period on period",2003,,2.270095,,A,Normal value,0,Units,,,,,1,One
DATAFLOW,OECD.SDD.TPS:DSD_G20_PRICES@DF_G20_PRICES(1.0),"G20 - Consumer price indices, all items",I,USA,United States,A,Annual,N,National,CPI,Consumer price index,PC,Percentage change,_T,Total,N,Neither seasonally adjusted nor calendar adjusted,G1,"Growth rate, period on period",2004,,2.677237,,A,Normal value,0,Units,,,,,1,One
DATAFLOW,OECD.SDD.TPS:DSD_G20_PRICES@DF_G20_PRICES(1.0),"G20 - Consumer price indices, all items",I,USA,United States,A,Annual,N,National,CPI,Consumer price index,PC,Percentage change,_T,Total,N,Neither seasonally adjusted nor calendar adjusted,G1,"Growth rate, period on period",2005,,3.392747,,A,Normal value,0,Units,,,,,1,One
DATAFLOW,OECD.SDD.TPS:DSD_G20_PRICES@DF_G20_PRICES(1.0),"G20 - Consumer price indices, all items",I,USA,United States,A,Annual,N,National,CPI,Consumer price index,PC,Percentage change,_T,Total,N,Neither seasonally adjusted nor calendar adjusted,G1,"Growth rate, period on period",2006,,3.225944,,A,Normal value,0,Units,,,,,1,One
DATAFLOW,OECD.SDD.TPS:DSD_G20_PRICES@DF_G20_PRICES(1.0),"G20 - Consumer price indices, all items",I,USA,United States,A,Annual,N,National,CPI,Consumer price index,PC,Percentage change,_T,Total,N,Neither seasonally adjusted nor calendar adjusted,G1,"Growth rate, period on period",2007,,2.852673,,A,Normal value,0,Units,,,,,1,One
DATAFLOW,OECD.SDD.TPS:DSD_G20_PRICES@DF_G20_PRICES(1.0),"G20 - Consumer price indices, all items",I,USA,United States,A,Annual,N,National,CPI,Consumer price index,PC,Percentage change,_T,Total,N,Neither seasonally adjusted nor calendar adjusted,G1,"Growth rate, period on period",2008,,3.8391,,A,Normal value,0,Units,,,,,1,One
DATAFLOW,OECD.SDD.TPS:DSD_G20_PRICES@DF_G20_PRICES(1.0),"G20 - Consumer price indices, all items",I,USA,United States,A,Annual,N,National,CPI,Consumer price index,PC,Percentage change,_T,Total,N,Neither seasonally adjusted nor calendar adjusted,G1,"Growth rate, period on period",2009,,-0.3555463,,A,Normal value,0,Units,,,,,1,One
DATAFLOW,OECD.SDD.TPS:DSD_G20_PRICES@DF_G20_PRICES(1.0),"G20 - Consumer price indices, all items",I,USA,United States,A,Annual,N,National,CPI,Consumer price index,PC,Percentage change,_T,Total,N,Neither seasonally adjusted nor calendar adjusted,G1,"Growth rate, period on period",2010,,1.640043,,A,Normal value,0,Units,,,,,1,One
DATAFLOW,OECD.SDD.TPS:DSD_G20_PRICES@DF_G20_PRICES(1.0),"G20 - Consumer price indices, all items",I,USA,United States,A,Annual,N,National,CPI,Consumer price index,PC,Percentage change,_T,Total,N,Neither seasonally adjusted nor calendar adjusted,G1,"Growth rate, period on period",2011,,3.156842,,A,Normal value,0,Units,,,,,1,One
DATAFLOW,OECD.SDD.TPS:DSD_G20_PRICES@DF_G20_PRICES(1.0),"G20 - Consumer price indices, all items",I,USA,United States,A,Annual,N,National,CPI,Consumer price index,PC,Percentage change,_T,Total,N,Neither seasonally adjusted nor calendar adjusted,G1,"Growth rate, period on period",2012,,2.069337,,A,Normal value,0,Units,,,,,1,One
DATAFLOW,OECD.SDD.TPS:DSD_G20_PRICES@DF_G20_PRICES(1.0),"G20 - Consumer price indices, all items",I,USA,United States,A,Annual,N,National,CPI,Consumer price index,PC,Percentage change,_T,Total,N,Neither seasonally adjusted nor calendar adjusted,G1,"Growth rate, period on period",2013,,1.464833,,A,Normal value,0,Units,,,,,1,One
DATAFLOW,OECD.SDD.TPS:DSD_G20_PRICES@DF_G20_PRICES(1.0),"G20 - Consumer price indices, all items",I,USA,United States,A,Annual,N,National,CPI,Consumer price index,PC,Percentage change,_T,Total,N,Neither seasonally adjusted nor calendar adjusted,G1,"Growth rate, period on period",2014,,1.622223,,A,Normal value,0,Units,,,,,1,One
DATAFLOW,OECD.SDD.TPS:DSD_G20_PRICES@DF_G20_PRICES(1.0),"G20 - Consumer price indices, all items",I,USA,United States,A,Annual,N,National,CPI,Consumer price index,PC,Percentage change,_T,Total,N,Neither seasonally adjusted nor calendar adjusted,G1,"Growth rate, period on period",2015,,0.1186271,,A,Normal value,0,Units,,,,,1,One
DATAFLOW,OECD.SDD.TPS:DSD_G20_PRICES@DF_G20_PRICES(1.0),"G20 - Consumer price indices, all items",I,USA,United States,A,Annual,N,National,CPI,Consumer price index,PC,Percentage change,_T,Total,N,Neither seasonally adjusted nor calendar adjusted,G1,"Growth rate, period on period",2016,,1.261583,,A,Normal value,0,Units,,,,,1,One
DATAFLOW,OECD.SDD.TPS:DSD_G20_PRICES@DF_G20_PRICES(1.0),"G20 - Consumer price indices, all items",I,USA,United States,A,Annual,N,National,CPI,Consumer price index,PC,Percentage change,_T,Total,N,Neither seasonally adjusted nor calendar adjusted,G1,"Growth rate, period on period",2017,,2.13011,,A,Normal value,0,Units,,,,,1,One
DATAFLOW,OECD.SDD.TPS:DSD_G20_PRICES@DF_G20_PRICES(1.0),"G20 - Consumer price indices, all items",I,USA,United States,A,Annual,N,National,CPI,Consumer price index,PC,Percentage change,_T,Total,N,Neither seasonally adjusted nor calendar adjusted,G1,"Growth rate, period on period",2018,,2.442583,,A,Normal value,0,Units,,,,,1,One
DATAFLOW,OECD.SDD.TPS:DSD_G20_PRICES@DF_G20_PRICES(1.0),"G20 - Consumer price indices, all items",I,USA,United States,A,Annual,N,National,CPI,Consumer price index,PC,Percentage change,_T,Total,N,Neither seasonally adjusted nor calendar adjusted,G1,"Growth rate, period on period",2019,,1.81221,,A,Normal value,0,Units,,,,,1,One
DATAFLOW,OECD.SDD.TPS:DSD_G20_PRICES@DF_G20_PRICES(1.0),"G20 - Consumer price indices, all items",I,USA,United States,A,Annual,N,National,CPI,Consumer price index,PC,Percentage change,_T,Total,N,Neither seasonally adjusted nor calendar adjusted,G1,"Growth rate, period on period",2020,,1.233584,,A,Normal value,0,Units,,,,,1,One
DATAFLOW,OECD.SDD.TPS:DSD_G20_PRICES@DF_G20_PRICES(1.0),"G20 - Consumer price indices, all items",I,USA,United States,A,Annual,N,National,CPI,Consumer price index,PC,Percentage change,_T,Total,N,Neither seasonally adjusted nor calendar adjusted,G1,"Growth rate, period on period",2021,,4.697859,,A,Normal value,0,Units,,,,,1,One
DATAFLOW,OECD.SDD.TPS:DSD_G20_PRICES@DF_G20_PRICES(1.0),"G20 - Consumer price indices, all items",I,USA,United States,A,Annual,N,National,CPI,Consumer price index,PC,Percentage change,_T,Total,N,Neither seasonally adjusted nor calendar adjusted,G1,"Growth rate, period on period",2022,,8.0028,,A,Normal value,0,Units,,,,,1,One
DATAFLOW,OECD.SDD.TPS:DSD_G20_PRICES@DF_G20_PRICES(1.0),"G20 - Consumer price indices, all items",I,USA,United States,A,Annual,N,National,CPI,Consumer price index,PC,Percentage change,_T,Total,N,Neither seasonally adjusted nor calendar adjusted,G1,"Growth rate, period on period",2023,,4.116338,,A,Normal value,0,Units,,,,,1,One
DATAFLOW,OECD.SDD.TPS:DSD_G20_PRICES@DF_G20_PRICES(1.0),"G20 - Consumer price indices, all items",I,USA,United States,A,Annual,N,National,CPI,Consumer price index,PC,Percentage change,_T,Total,N,Neither seasonally adjusted nor calendar adjusted,G1,"Growth rate, period on period",2024,,2.949525,,A,Normal value,0,Units,,,,,1,One
DATAFLOW,OECD.SDD.TPS:DSD_G20_PRICES@DF_G20_PRICES(1.0),"G20 - Consumer price indices, all items",I,GBR,United Kingdom,A,Annual,HICP,Eurostat harmonised index of consumer prices (HICP),CPI,Consumer price index,IX,Index,_T,Total,N,Neither seasonally adjusted nor calendar adjusted,_Z,Not applicable,1996,,68.8,,A,Normal value,0,Units,2015,,,,1,One
DATAFLOW,OECD.SDD.TPS:DSD_G20_PRICES@DF_G20_PRICES(1.0),"G20 - Consumer price indices, all items",I,GBR,United Kingdom,A,Annual,HICP,Eurostat harmonised index of consumer prices (HICP),CPI,Consumer price index,IX,Index,_T,Total,N,Neither seasonally adjusted nor calendar adjusted,_Z,Not applicable,1997,,70.1,,A,Normal value,0,Units,2015,,,,1,One
DATAFLOW,OECD.SDD.TPS:DSD_G20_PRICES@DF_G20_PRICES(1.0),"G20 - Consumer price indices, all items",I,GBR,United Kingdom,A,Annual,HICP,Eurostat harmonised index of consumer prices (HICP),CPI,Consumer price index,IX,Index,_T,Total,N,Neither seasonally adjusted nor calendar adjusted,_Z,Not applicable,1998,,71.2,,A,Normal value,0,Units,2015,,,,1,One
DATAFLOW,OECD.SDD.TPS:DSD_G20_PRICES@DF_G20_PRICES(1.0),"G20 - Consumer price indices, all items",I,GBR,United Kingdom,A,Annual,HICP,Eurostat harmonised index of consumer prices (HICP),CPI,Consumer price index,IX,Index,_T,Total,N,Neither seasonally adjusted nor calendar adjusted,_Z,Not applicable,1999,,72.1,,A,Normal value,0,Units,2015,,,,1,One
DATAFLOW,OECD.SDD.TPS:DSD_G20_PRICES@DF_G20_PRICES(1.0),"G20 - Consumer price indices, all items",I,GBR,United Kingdom,A,Annual,HICP,Eurostat harmonised index of consumer prices (HICP),CPI,Consumer price index,IX,Index,_T,Total,N,Neither seasonally adjusted nor calendar adjusted,_Z,Not applicable,2000,,72.7,,A,Normal value,0,Units,2015,,,,1,One
DATAFLOW,OECD.SDD.TPS:DSD_G20_PRICES@DF_G20_PRICES(1.0),"G20 - Consumer price indices, all items",I,GBR,United Kingdom,A,Annual,HICP,Eurostat harmonised index of consumer prices (HICP),CPI,Consumer price index,IX,Index,_T,Total,N,Neither seasonally adjusted nor calendar adjusted,_Z,Not applicable,2001,,73.6,,A,Normal value,0,Units,2015,,,,1,One
DATAFLOW,OECD.SDD.TPS:DSD_G20_PRICES@DF_G20_PRICES(1.0),"G20 - Consumer price indices, all items",I,GBR,United Kingdom,A,Annual,HICP,Eurostat harmonised index of consumer prices (HICP),CPI,Consumer price index,IX,Index,_T,Total,N,Neither seasonally adjusted nor calendar adjusted,_Z,Not applicable,2002,,74.5,,A,Normal value,0,Units,2015,,,,1,One
DATAFLOW,OECD.SDD.TPS:DSD_G20_PRICES@DF_G20_PRICES(1.0),"G20 - Consumer price indices, all items",I,GBR,United Kingdom,A,Annual,HICP,Eurostat harmonised index of consumer prices (HICP),CPI,Consumer price index,IX,Index,_T,Total,N,Neither seasonally adjusted nor calendar adjusted,_Z,Not applicable,2003,,75.5,,A,Normal value,0,Units,2015,,,,1,One
DATAFLOW,OECD.SDD.TPS:DSD_G20_PRICES@DF_G20_PRICES(1.0),"G20 - Consumer price indices, all items",I,GBR,United Kingdom,A,Annual,HICP,Eurostat harmonised index of consumer prices (HICP),CPI,Consumer price index,IX,Index,_T,Total,N,Neither seasonally adjusted nor calendar adjusted,_Z,Not applicable,2004,,76.5,,A,Normal value,0,Units,2015,,,,1,One
DATAFLOW,OECD.SDD.TPS:DSD_G20_PRICES@DF_G20_PRICES(1.0),"G20 - Consumer price indices, all items",I,GBR,United Kingdom,A,Annual,HICP,Eurostat harmonised index of consumer prices (HICP),CPI,Consumer price index,IX,Index,_T,Total,N,Neither seasonally adjusted nor calendar adjusted,_Z,Not applicable,2005,,78.1,,A,Normal value,0,Units,2015,,,,1,One
DATAFLOW,OECD.SDD.TPS:DSD_G20_PRICES@DF_G20_PRICES(1.0),"G20 - Consumer price indices, all items",I,GBR,United Kingdom,A,Annual,HICP,Eurostat harmonised index of consumer prices (HICP),CPI,Consumer price index,IX,Index,_T,Total,N,Neither seasonally adjusted nor calendar adjusted,_Z,Not applicable,2006,,79.9,,A,Normal value,0,Units,2015,,,,1,One
DATAFLOW,OECD.SDD.TPS:DSD_G20_PRICES@DF_G20_PRICES(1.0),"G20 - Consumer price indices, all items",I,GBR,United Kingdom,A,Annual,HICP,Eurostat harmonised index of consumer prices (HICP),CPI,Consumer price index,IX,Index,_T,Total,N,Neither seasonally adjusted nor calendar adjusted,_Z,Not applicable,2007,,81.8,,A,Normal value,0,Units,2015,,,,1,One
DATAFLOW,OECD.SDD.TPS:DSD_G20_PRICES@DF_G20_PRICES(1.0),"G20 - Consumer price indices, all items",I,GBR,United Kingdom,A,Annual,HICP,Eurostat harmonised index of consumer prices (HICP),CPI,Consumer price index,IX,Index,_T,Total,N,Neither seasonally adjusted nor calendar adjusted,_Z,Not applicable,2008,,84.7,,A,Normal value,0,Units,2015,,,,1,One
DATAFLOW,OECD.SDD.TPS:DSD_G20_PRICES@DF_G20_PRICES(1.0),"G20 - Consumer price indices, all items",I,GBR,United Kingdom,A,Annual,HICP,Eurostat harmonised index of consumer prices (HICP),CPI,Consumer price index,IX,Index,_T,Total,N,Neither seasonally adjusted nor calendar adjusted,_Z,Not applicable,2009,,86.6,,A,Normal value,0,Units,2015,,,,1,One
DATAFLOW,OECD.SDD.TPS:DSD_G20_PRICES@DF_G20_PRICES(1.0),"G20 - Consumer price indices, all items",I,GBR,United Kingdom,A,Annual,HICP,Eurostat harmonised index of consumer prices (HICP),CPI,Consumer price index,IX,Index,_T,Total,N,Neither seasonally adjusted nor calendar adjusted,_Z,Not applicable,2010,,89.4,,A,Normal value,0,Units,2015,,,,1,One
DATAFLOW,OECD.SDD.TPS:DSD_G20_PRICES@DF_G20_PRICES(1.0),"G20 - Consumer price indices, all items",I,GBR,United Kingdom,A,Annual,HICP,Eurostat harmonised index of consumer prices (HICP),CPI,Consumer price index,IX,Index,_T,Total,N,Neither seasonally adjusted nor calendar adjusted,_Z,Not applicable,2011,,93.4,,A,Normal value,0,Units,2015,,,,1,One
DATAFLOW,OECD.SDD.TPS:DSD_G20_PRICES@DF_G20_PRICES(1.0),"G20 - Consumer price indices, all items",I,GBR,United Kingdom,A,Annual,HICP,Eurostat harmonised index of consumer prices (HICP),CPI,Consumer price index,IX,Index,_T,Total,N,Neither seasonally adjusted nor calendar adjusted,_Z,Not applicable,2012,,96.1,,A,Normal value,0,Units,2015,,,,1,One
DATAFLOW,OECD.SDD.TPS:DSD_G20_PRICES@DF_G20_PRICES(1.0),"G20 - Consumer price indices, all items",I,GBR,United Kingdom,A,Annual,HICP,Eurostat harmonised index of consumer prices (HICP),CPI,Consumer price index,IX,Index,_T,Total,N,Neither seasonally adjusted nor calendar adjusted,_Z,Not applicable,2013,,98.5,,A,Normal value,0,Units,2015,,,,1,One
DATAFLOW,OECD.SDD.TPS:DSD_G20_PRICES@DF_G20_PRICES(1.0),"G20 - Consumer price indices, all items",I,GBR,United Kingdom,A,Annual,HICP,Eurostat harmonised index of consumer prices (HICP),CPI,Consumer price index,IX,Index,_T,Total,N,Neither seasonally adjusted nor calendar adjusted,_Z,Not applicable,2014,,100,,A,Normal value,0,Units,2015,,,,1,One
DATAFLOW,OECD.SDD.TPS:DSD_G20_PRICES@DF_G20_PRICES(1.0),"G20 - Consumer price indices, all items",I,GBR,United Kingdom,A,Annual,HICP,Eurostat harmonised index of consumer prices (HICP),CPI,Consumer price index,IX,Index,_T,Total,N,Neither seasonally adjusted nor calendar adjusted,_Z,Not applicable,2015,,100,,A,Normal value,0,Units,2015,,,,1,One
DATAFLOW,OECD.SDD.TPS:DSD_G20_PRICES@DF_G20_PRICES(1.0),"G20 - Consumer price indices, all items",I,GBR,United Kingdom,A,Annual,HICP,Eurostat harmonised index of consumer prices (HICP),CPI,Consumer price index,IX,Index,_T,Total,N,Neither seasonally adjusted nor calendar adjusted,_Z,Not applicable,2016,,100.7,,A,Normal value,0,Units,2015,,,,1,One
DATAFLOW,OECD.SDD.TPS:DSD_G20_PRICES@DF_G20_PRICES(1.0),"G20 - Consumer price indices, all items",I,GBR,United Kingdom,A,Annual,HICP,Eurostat harmonised index of consumer prices (HICP),CPI,Consumer price index,IX,Index,_T,Total,N,Neither seasonally adjusted nor calendar adjusted,_Z,Not applicable,2017,,103.4,,A,Normal value,0,Units,2015,,,,1,One
DATAFLOW,OECD.SDD.TPS:DSD_G20_PRICES@DF_G20_PRICES(1.0),"G20 - Consumer price indices, all items",I,GBR,United Kingdom,A,Annual,HICP,Eurostat harmonised index of consumer prices (HICP),CPI,Consumer price index,IX,Index,_T,Total,N,Neither seasonally adjusted nor calendar adjusted,_Z,Not applicable,2018,,105.9,,A,Normal value,0,Units,2015,,,,1,One
DATAFLOW,OECD.SDD.TPS:DSD_G20_PRICES@DF_G20_PRICES(1.0),"G20 - Consumer price indices, all items",I,GBR,United Kingdom,A,Annual,HICP,Eurostat harmonised index of consumer prices (HICP),CPI,Consumer price index,IX,Index,_T,Total,N,Neither seasonally adjusted nor calendar adjusted,_Z,Not applicable,2019,,107.8,,A,Normal value,0,Units,2015,,,,1,One
DATAFLOW,OECD.SDD.TPS:DSD_G20_PRICES@DF_G20_PRICES(1.0),"G20 - Consumer price indices, all items",I,GBR,United Kingdom,A,Annual,HICP,Eurostat harmonised index of consumer prices (HICP),CPI,Consumer price index,IX,Index,_T,Total,N,Neither seasonally adjusted nor calendar adjusted,_Z,Not applicable,2020,,108.75,,A,Normal value,0,Units,2015,,,,1,One
DATAFLOW,OECD.SDD.TPS:DSD_G20_PRICES@DF_G20_PRICES(1.0),"G20 - Consumer price indices, all items",I,GBR,United Kingdom,A,Annual,HICP,Eurostat harmonised index of consumer prices (HICP),CPI,Consumer price index,IX,Index,_T,Total,N,Neither seasonally adjusted nor calendar adjusted,_Z,Not applicable,2021,,111.5583,,A,Normal value,0,Units,2015,,,,1,One
DATAFLOW,OECD.SDD.TPS:DSD_G20_PRICES@DF_G20_PRICES(1.0),"G20 - Consumer price indices, all items",I,GBR,United Kingdom,A,Annual,HICP,Eurostat harmonised index of consumer prices (HICP),CPI,Consumer price index,IX,Index,_T,Total,N,Neither seasonally adjusted nor calendar adjusted,_Z,Not applicable,2022,,121.6583,,A,Normal value,0,Units,2015,,,,1,One
DATAFLOW,OECD.SDD.TPS:DSD_G20_PRICES@DF_G20_PRICES(1.0),"G20 - Consumer price indices, all items",I,GBR,United Kingdom,A,Annual,HICP,Eurostat harmonised index of consumer prices (HICP),CPI,Consumer price index,IX,Index,_T,Total,N,Neither seasonally adjusted nor calendar adjusted,_Z,Not applicable,2023,,130.5417,,A,Normal value,0,Units,2015,,,,1,One
DATAFLOW,OECD.SDD.TPS:DSD_G20_PRICES@DF_G20_PRICES(1.0),"G20 - Consumer price indices, all items",I,GBR,United Kingdom,A,Annual,HICP,Eurostat harmonised index of consumer prices (HICP),CPI,Consumer price index,IX,Index,_T,Total,N,Neither seasonally adjusted nor calendar adjusted,_Z,Not applicable,2024,,133.8583,,A,Normal value,0,Units,2015,,,,1,One
DATAFLOW,OECD.SDD.TPS:DSD_G20_PRICES@DF_G20_PRICES(1.0),"G20 - Consumer price indices, all items",I,GBR,United Kingdom,A,Annual,HICP,Eurostat harmonised index of consumer prices (HICP),CPI,Consumer price index,IX,Index,_T,Total,N,Neither seasonally adjusted nor calendar adjusted,_Z,Not applicable,2025,,138.3667,,A,Normal value,0,Units,2015,,,,1,One
DATAFLOW,OECD.SDD.TPS:DSD_G20_PRICES@DF_G20_PRICES(1.0),"G20 - Consumer price indices, all items",I,USA,United States,A,Annual,N,National,CPI,Consumer price index,IX,Index,_T,Total,N,Neither seasonally adjusted nor calendar adjusted,_Z,Not applicable,1970,,16.38068,,A,Normal value,0,Units,2015,,,,1,One
DATAFLOW,OECD.SDD.TPS:DSD_G20_PRICES@DF_G20_PRICES(1.0),"G20 - Consumer price indices, all items",I,USA,United States,A,Annual,N,National,CPI,Consumer price index,IX,Index,_T,Total,N,Neither seasonally adjusted nor calendar adjusted,_Z,Not applicable,1971,,17.08387,,A,Normal value,0,Units,2015,,,,1,One
DATAFLOW,OECD.SDD.TPS:DSD_G20_PRICES@DF_G20_PRICES(1.0),"G20 - Consumer price indices, all items",I,USA,United States,A,Annual,N,National,CPI,Consumer price index,IX,Index,_T,Total,N,Neither seasonally adjusted nor calendar adjusted,_Z,Not applicable,1972,,17.6429,,A,Normal value,0,Units,2015,,,,1,One
DATAFLOW,OECD.SDD.TPS:DSD_G20_PRICES@DF_G20_PRICES(1.0),"G20 - Consumer price indices, all items",I,USA,United States,A,Annual,N,National,CPI,Consumer price index,IX,Index,_T,Total,N,Neither seasonally adjusted nor calendar adjusted,_Z,Not applicable,1973,,18.73283,,A,Normal value,0,Units,2015,,,,1,One
DATAFLOW,OECD.SDD.TPS:DSD_G20_PRICES@DF_G20_PRICES(1.0),"G20 - Consumer price indices, all items",I,USA,United States,A,Annual,N,National,CPI,Consumer price index,IX,Index,_T,Total,N,Neither seasonally adjusted nor calendar adjusted,_Z,Not applicable,1974,,20.80371,,A,Normal value,0,Units,2015,,,,1,One
DATAFLOW,OECD.SDD.TPS:DSD_G20_PRICES@DF_G20_PRICES(1.0),"G20 - Consumer price indices, all items",I,USA,United States,A,Annual,N,National,CPI,Consumer price index,IX,Index,_T,Total,N,Neither seasonally adjusted nor calendar adjusted,_Z,Not applicable,1975,,22.70583,,A,Normal value,0,Units,2015,,,,1,One
DATAFLOW,OECD.SDD.TPS:DSD_G20_PRICES@DF_G20_PRICES(1.0),"G20 - Consumer price indices, all items",I,USA,United States,A,Annual,N,National,CPI,Consumer price index,IX,Index,_T,Total,N,Neither seasonally adjusted nor calendar adjusted,_Z,Not applicable,1976,,24.01023,,A,Normal value,0,Units,2015,,,,1,One
DATAFLOW,OECD.SDD.TPS:DSD_G20_PRICES@DF_G20_PRICES(1.0),"G20 - Consumer price indices, all items",I,USA,United States,A,Annual,N,National,CPI,Consumer price index,IX,Index,_T,Total,N,Neither seasonally adjusted nor calendar adjusted,_Z,Not applicable,1977,,25.5713,,A,Normal value,0,Units,2015,,,,1,One
DATAFLOW,OECD.SDD.TPS:DSD_G20_PRICES@DF_G20_PRICES(1.0),"G20 - Consumer price indices, all items",I,USA,United States,A,Annual,N,National,CPI,Consumer price index,IX,Index,_T,Total,N,Neither seasonally adjusted nor calendar adjusted,_Z,Not applicable,1978,,27.52264,,A,Normal value,0,Units,2015,,,,1,One
DATAFLOW,OECD.SDD.TPS:DSD_G20_PRICES@DF_G20_PRICES(1.0),"G20 - Consumer price indices, all items",I,USA,United States,A,Annual,N,National,CPI,Consumer price index,IX,Index,_T,Total,N,Neither seasonally adjusted nor calendar adjusted,_Z,Not applicable,1979,,30.62017,,A,Normal value,0,Units,2015,,,,1,One
DATAFLOW,OECD.SDD.TPS:DSD_G20_PRICES@DF_G20_PRICES(1.0),"G20 - Consumer price indices, all items",I,USA,United States,A,Annual,N,National,CPI,Consumer price index,IX,Index,_T,Total,N,Neither seasonally adjusted nor calendar adjusted,_Z,Not applicable,1980,,34.76896,,A,Normal value,0,Units,2015,,,,1,One
DATAFLOW,OECD.SDD.TPS:DSD_G20_PRICES@DF_G20_PRICES(1.0),"G20 - Consumer price indices, all items",I,USA,United States,A,Annual,N,National,CPI,Consumer price index,IX,Index,_T,Total,N,Neither seasonally adjusted nor calendar adjusted,_Z,Not applicable,1981,,38.36223,,A,Normal value,0,Units,2015,,,,1,One
DATAFLOW,OECD.SDD.TPS:DSD_G20_PRICES@DF_G20_PRICES(1.0),"G20 - Consumer price indices, all items",I,USA,United States,A,Annual,N,National,CPI,Consumer price index,IX,Index,_T,Total,N,Neither seasonally adjusted nor calendar adjusted,_Z,Not applicable,1982,,40.71438,,A,Normal value,0,Units,2015,,,,1,One
DATAFLOW,OECD.SDD.TPS:DSD_G20_PRICES@DF_G20_PRICES(1.0),"G20 - Consumer price indices, all items",I,USA,United States,A,Annual,N,National,CPI,Consumer price index,IX,Index,_T,Total,N,Neither seasonally adjusted nor calendar adjusted,_Z,Not applicable,1983,,42.0223,,A,Normal value,0,Units,2015,,,,1,One
DATAFLOW,OECD.SDD.TPS:DSD_G20_PRICES@DF_G20_PRICES(1.0),"G20 - Consumer price indices, all items",I,USA,United States,A,Annual,N,National,CPI,Consumer price index,IX,Index,_T,Total,N,Neither seasonally adjusted nor calendar adjusted,_Z,Not applicable,1984,,43.82949,,A,Normal value,0,Units,2015,,,,1,One
DATAFLOW,OECD.SDD.TPS:DSD_G20_PRICES@DF_G20_PRICES(1.0),"G20 - Consumer price indices, all items",I,USA,United States,A,Annual,N,National,CPI,Consumer price index,IX,Index,_T,Total,N,Neither seasonally adjusted nor calendar adjusted,_Z,Not applicable,1985,,45.38352,,A,Normal value,0,Units,2015,,,,1,One
DATAFLOW,OECD.SDD.TPS:DSD_G20_PRICES@DF_G20_PRICES(1.0),"G20 - Consumer price indices, all items",I,USA,United States,A,Annual,N,National,CPI,Consumer price index,IX,Index,_T,Total,N,Neither seasonally adjusted nor calendar adjusted,_Z,Not applicable,1986,,46.24493,,A,Normal value,0,Units,2015,,,,1,One
DATAFLOW,OECD.SDD.TPS:DSD_G20_PRICES@DF_G20_PRICES(1.0),"G20 - Consumer price indices, all items",I,USA,United States,A,Annual,N,National,CPI,Consumer price index,IX,Index,_T,Total,N,Neither seasonally adjusted nor calendar adjusted,_Z,Not applicable,1987,,47.9396,,A,Normal value,0,Units,2015,,,,1,One
DATAFLOW,OECD.SDD.TPS:DSD_G20_PRICES@DF_G20_PRICES(1.0),"G20 - Consumer price indices, all items",I,USA,United States,A,Annual,N,National,CPI,Consumer price index,IX,Index,_T,Total,N,Neither seasonally adjusted nor calendar adjusted,_Z,Not applicable,1988,,49.89445,,A,Normal value,0,Units,2015,,,,1,One
DATAFLOW,OECD.SDD.TPS:DSD_G20_PRICES@DF_G20_PRICES(1.0),"G20 - Consumer price indices, all items",I,USA,United States,A,Annual,N,National,CPI,Consumer price index,IX,Index,_T,Total,N,Neither seasonally adjusted nor calendar adjusted,_Z,Not applicable,1989,,52.30286,,A,Normal value,0,Units,2015,,,,1,One
DATAFLOW,OECD.SDD.TPS:DSD_G20_PRICES@DF_G20_PRICES(1.0),"G20 - Consumer price indices, all items",I,USA,United States,A,Annual,N,National,CPI,Consumer price index,IX,Index,_T,Total,N,Neither seasonally adjusted nor calendar adjusted,_Z,Not applicable,1990,,55.12614,,A,Normal value,0,Units,2015,,,,1,One
DATAFLOW,OECD.SDD.TPS:DSD_G20_PRICES@DF_G20_PRICES(1.0),"G20 - Consumer price indices, all items",I,USA,United States,A,Annual,N,National,CPI,Consumer price index,IX,Index,_T,Total,N,Neither seasonally adjusted nor calendar adjusted,_Z,Not applicable,1991,,57.46072,,A,Normal value,0,Units,2015,,,,1,One
DATAFLOW,OECD.SDD.TPS:DSD_G20_PRICES@DF_G20_PRICES(1.0),"G20 - Consumer price indices, all items",I,USA,United States,A,Annual,N,National,CPI,Consumer price index,IX,Index,_T,Total,N,Neither seasonally adjusted nor calendar adjusted,_Z,Not applicable,1992,,59.2011,,A,Normal value,0,Units,2015,,,,1,One
DATAFLOW,OECD.SDD.TPS:DSD_G20_PRICES@DF_G20_PRICES(1.0),"G20 - Consumer price indices, all items",I,USA,United States,A,Annual,N,National,CPI,Consumer price index,IX,Index,_T,Total,N,Neither seasonally adjusted nor calendar adjusted,_Z,Not applicable,1993,,60.94851,,A,Normal value,0,Units,2015,,,,1,One
DATAFLOW,OECD.SDD.TPS:DSD_G20_PRICES@DF_G20_PRICES(1.0),"G20 - Consumer price indices, all items",I,USA,United States,A,Annual,N,National,CPI,Consumer price index,IX,Index,_T,Total,N,Neither seasonally adjusted nor calendar adjusted,_Z,Not applicable,1994,,62.53771,,A,Normal value,0,Units,2015,,,,1,One
DATAFLOW,OECD.SDD.TPS:DSD_G20_PRICES@DF_G20_PRICES(1.0),"G20 - Consumer price indices, all items",I,USA,United States,A,Annual,N,National,CPI,Consumer price index,IX,Index,_T,Total,N,Neither seasonally adjusted nor calendar adjusted,_Z,Not applicable,1995,,64.29215,,A,Normal value,0,Units,2015,,,,1,One
DATAFLOW,OECD.SDD.TPS:DSD_G20_PRICES@DF_G20_PRICES(1.0),"G20 - Consumer price indices, all items",I,USA,United States,A,Annual,N,National,CPI,Consumer price index,IX,Index,_T,Total,N,Neither seasonally adjusted nor calendar adjusted,_Z,Not applicable,1996,,66.17669,,A,Normal value,0,Units,2015,,,,1,One
DATAFLOW,OECD.SDD.TPS:DSD_G20_PRICES@DF_G20_PRICES(1.0),"G20 - Consumer price indices, all items",I,USA,United States,A,Annual,N,National,CPI,Consumer price index,IX,Index,_T,Total,N,Neither seasonally adjusted nor calendar adjusted,_Z,Not applicable,1997,,67.72369,,A,Normal value,0,Units,2015,,,,1,One
DATAFLOW,OECD.SDD.TPS:DSD_G20_PRICES@DF_G20_PRICES(1.0),"G20 - Consumer price indices, all items",I,USA,United States,A,Annual,N,National,CPI,Consumer price index,IX,Index,_T,Total,N,Neither seasonally adjusted nor calendar adjusted,_Z,Not applicable,1998,,68.77496,,A,Normal value,0,Units,2015,,,,1,One
DATAFLOW,OECD.SDD.TPS:DSD_G20_PRICES@DF_G20_PRICES(1.0),"G20 - Consumer price indices, all items",I,USA,United States,A,Annual,N,National,CPI,Consumer price index,IX,Index,_T,Total,N,Neither seasonally adjusted nor calendar adjusted,_Z,Not applicable,1999,,70.27977,,A,Normal value,0,Units,2015,,,,1,One
DATAFLOW,OECD.SDD.TPS:DSD_G20_PRICES@DF_G20_PRICES(1.0),"G20 - Consumer price indices, all items",I,USA,United States,A,Annual,N,National,CPI,Consumer price index,IX,Index,_T,Total,N,Neither seasonally adjusted nor calendar adjusted,_Z,Not applicable,2000,,72.65302,,A,Normal value,0,Units,2015,,,,1,One
DATAFLOW,OECD.SDD.TPS:DSD_G20_PRICES@DF_G20_PRICES(1.0),"G20 - Consumer price indices, all items",I,USA,United States,A,Annual,N,National,CPI,Consumer price index,IX,Index,_T,Total,N,Neither seasonally adjusted nor calendar adjusted,_Z,Not applicable,2001,,74.70631,,A,Normal value,0,Units,2015,,,,1,One
DATAFLOW,OECD.SDD.TPS:DSD_G20_PRICES@DF_G20_PRICES(1.0),"G20 - Consumer price indices, all items",I,USA,United States,A,Annual,N,National,CPI,Consumer price index,IX,Index,_T,Total,N,Neither seasonally adjusted nor calendar adjusted,_Z,Not applicable,2002,,75.89118,,A,Normal value,0,Units,2015,,,,1,One
DATAFLOW,OECD.SDD.TPS:DSD_G20_PRICES@DF_G20_PRICES(1.0),"G20 - Consumer price indices, all items",I,USA,United States,A,Annual,N,National,CPI,Consumer price index,IX,Index,_T,Total,N,Neither seasonally adjusted nor calendar adjusted,_Z,Not applicable,2003,,77.61398,,A,Normal value,0,Units,2015,,,,1,One
DATAFLOW,OECD.SDD.TPS:DSD_G20_PRICES@DF_G20_PRICES(1.0),"G20 - Consumer price indices, all items",I,USA,United States,A,Annual,N,National,CPI,Consumer price index,IX,Index,_T,Total,N,Neither seasonally adjusted nor calendar adjusted,_Z,Not applicable,2004,,79.69189,,A,Normal value,0,Units,2015,,,,1,One
DATAFLOW,OECD.SDD.TPS:DSD_G20_PRICES@DF_G20_PRICES(1.0),"G20 - Consumer price indices, all items",I,USA,United States,A,Annual,N,National,CPI,Consumer price index,IX,Index,_T,Total,N,Neither seasonally adjusted nor calendar adjusted,_Z,Not applicable,2005,,82.39564,,A,Normal value,0,Units,2015,,,,1,One
DATAFLOW,OECD.SDD.TPS:DSD_G20_PRICES@DF_G20_PRICES(1.0),"G20 - Consumer price indices, all items",I,USA,United States,A,Annual,N,National,CPI,Consumer price index,IX,Index,_T,Total,N,Neither seasonally adjusted nor calendar adjusted,_Z,Not applicable,2006,,85.05367,,A,Normal value,0,Units,2015,,,,1,One
DATAFLOW,OECD.SDD.TPS:DSD_G20_PRICES@DF_G20_PRICES(1.0),"G20 - Consumer price indices, all items",I,USA,United States,A,Annual,N,National,CPI,Consumer price index,IX,Index,_T,Total,N,Neither seasonally adjusted nor calendar adjusted,_Z,Not applicable,2007,,87.47998,,A,Normal value,0,Units,2015,,,,1,One
DATAFLOW,OECD.SDD.TPS:DSD_G20_PRICES@DF_G20_PRICES(1.0),"G20 - Consumer price indices, all items",I,USA,United States,A,Annual,N,National,CPI,Consumer price index,IX,Index,_T,Total,N,Neither seasonally adjusted nor calendar adjusted,_Z,Not applicable,2008,,90.83842,,A,Normal value,0,Units,2015,,,,1,One
DATAFLOW,OECD.SDD.TPS:DSD_G20_PRICES@DF_G20_PRICES(1.0),"G20 - Consumer price indices, all items",I,USA,United States,A,Annual,N,National,CPI,Consumer price index,IX,Index,_T,Total,N,Neither seasonally adjusted nor calendar adjusted,_Z,Not applicable,2009,,90.51545,,A,Normal value,0,Units,2015,,,,1,One
DATAFLOW,OECD.SDD.TPS:DSD_G20_PRICES@DF_G20_PRICES(1.0),"G20 - Consumer price indices, all items",I,USA,United States,A,Annual,N,National,CPI,Consumer price index,IX,Index,_T,Total,N,Neither seasonally adjusted nor calendar adjusted,_Z,Not applicable,2010,,91.99994,,A,Normal value,0,Units,2015,,,,1,One
DATAFLOW,OECD.SDD.TPS:DSD_G20_PRICES@DF_G20_PRICES(1.0),"G20 - Consumer price indices, all items",I,USA,United States,A,Annual,N,National,CPI,Consumer price index,IX,Index,_T,Total,N,Neither seasonally adjusted nor calendar adjusted,_Z,Not applicable,2011,,94.90424,,A,Normal value,0,Units,2015,,,,1,One
DATAFLOW,OECD.SDD.TPS:DSD_G20_PRICES@DF_G20_PRICES(1.0),"G20 - Consumer price indices, all items",I,USA,United States,A,Annual,N,National,CPI,Consumer price index,IX,Index,_T,Total,N,Neither seasonally adjusted nor calendar adjusted,_Z,Not applicable,2012,,96.86812,,A,Normal value,0,Units,2015,,,,1,One
DATAFLOW,OECD.SDD.TPS:DSD_G20_PRICES@DF_G20_PRICES(1.0),"G20 - Consumer price indices, all items",I,USA,United States,A,Annual,N,National,CPI,Consumer price index,IX,Index,_T,Total,N,Neither seasonally adjusted nor calendar adjusted,_Z,Not applicable,2013,,98.28708,,A,Normal value,0,Units,2015,,,,1,One
DATAFLOW,OECD.SDD.TPS:DSD_G20_PRICES@DF_G20_PRICES(1.0),"G20 - Consumer price indices, all items",I,USA,United States,A,Annual,N,National,CPI,Consumer price index,IX,Index,_T,Total,N,Neither seasonally adjusted nor calendar adjusted,_Z,Not applicable,2014,,99.88152,,A,Normal value,0,Units,2015,,,,1,One
DATAFLOW,OECD.SDD.TPS:DSD_G20_PRICES@DF_G20_PRICES(1.0),"G20 - Consumer price indices, all items",I,USA,United States,A,Annual,N,National,CPI,Consumer price index,IX,Index,_T,Total,N,Neither seasonally adjusted nor calendar adjusted,_Z,Not applicable,2015,,100,,A,Normal value,0,Units,2015,,,,1,One
DATAFLOW,OECD.SDD.TPS:DSD_G20_PRICES@DF_G20_PRICES(1.0),"G20 - Consumer price indices, all items",I,USA,United States,A,Annual,N,National,CPI,Consumer price index,IX,Index,_T,Total,N,Neither seasonally adjusted nor calendar adjusted,_Z,Not applicable,2016,,101.2616,,A,Normal value,0,Units,2015,,,,1,One
DATAFLOW,OECD.SDD.TPS:DSD_G20_PRICES@DF_G20_PRICES(1.0),"G20 - Consumer price indices, all items",I,USA,United States,A,Annual,N,National,CPI,Consumer price index,IX,Index,_T,Total,N,Neither seasonally adjusted nor calendar adjusted,_Z,Not applicable,2017,,103.4186,,A,Normal value,0,Units,2015,,,,1,One
DATAFLOW,OECD.SDD.TPS:DSD_G20_PRICES@DF_G20_PRICES(1.0),"G20 - Consumer price indices, all items",I,USA,United States,A,Annual,N,National,CPI,Consumer price index,IX,Index,_T,Total,N,Neither seasonally adjusted nor calendar adjusted,_Z,Not applicable,2018,,105.9446,,A,Normal value,0,Units,2015,,,,1,One
DATAFLOW,OECD.SDD.TPS:DSD_G20_PRICES@DF_G20_PRICES(1.0),"G20 - Consumer price indices, all items",I,USA,United States,A,Annual,N,National,CPI,Consumer price index,IX,Index,_T,Total,N,Neither seasonally adjusted nor calendar adjusted,_Z,Not applicable,2019,,107.8646,,A,Normal value,0,Units,2015,,,,1,One
DATAFLOW,OECD.SDD.TPS:DSD_G20_PRICES@DF_G20_PRICES(1.0),"G20 - Consumer price indices, all items",I,USA,United States,A,Annual,N,National,CPI,Consumer price index,IX,Index,_T,Total,N,Neither seasonally adjusted nor calendar adjusted,_Z,Not applicable,2020,,109.1952,,A,Normal value,0,Units,2015,,,,1,One
DATAFLOW,OECD.SDD.TPS:DSD_G20_PRICES@DF_G20_PRICES(1.0),"G20 - Consumer price indices, all items",I,USA,United States,A,Annual,N,National,CPI,Consumer price index,IX,Index,_T,Total,N,Neither seasonally adjusted nor calendar adjusted,_Z,Not applicable,2021,,114.325,,A,Normal value,0,Units,2015,,,,1,One
DATAFLOW,OECD.SDD.TPS:DSD_G20_PRICES@DF_G20_PRICES(1.0),"G20 - Consumer price indices, all items",I,USA,United States,A,Annual,N,National,CPI,Consumer price index,IX,Index,_T,Total,N,Neither seasonally adjusted nor calendar adjusted,_Z,Not applicable,2022,,123.4742,,A,Normal value,0,Units,2015,,,,1,One
DATAFLOW,OECD.SDD.TPS:DSD_G20_PRICES@DF_G20_PRICES(1.0),"G20 - Consumer price indices, all items",I,USA,United States,A,Annual,N,National,CPI,Consumer price index,IX,Index,_T,Total,N,Neither seasonally adjusted nor calendar adjusted,_Z,Not applicable,2023,,128.5569,,A,Normal value,0,Units,2015,,,,1,One
DATAFLOW,OECD.SDD.TPS:DSD_G20_PRICES@DF_G20_PRICES(1.0),"G20 - Consumer price indices, all items",I,USA,United States,A,Annual,N,National,CPI,Consumer price index,IX,Index,_T,Total,N,Neither seasonally adjusted nor calendar adjusted,_Z,Not applicable,2024,,132.3487,,A,Normal value,0,Units,2015,,,,1,One
DATAFLOW,OECD.SDD.TPS:DSD_G20_PRICES@DF_G20_PRICES(1.0),"G20 - Consumer price indices, all items",I,JPN,Japan,A,Annual,N,National,CPI,Consumer price index,PC,Percentage change,_T,Total,N,Neither seasonally adjusted nor calendar adjusted,G1,"Growth rate, period on period",1971,,6.417596,,A,Normal value,0,Units,,,,,1,One
DATAFLOW,OECD.SDD.TPS:DSD_G20_PRICES@DF_G20_PRICES(1.0),"G20 - Consumer price indices, all items",I,JPN,Japan,A,Annual,N,National,CPI,Consumer price index,PA,Percent per annum,_T,Total,N,Neither seasonally adjusted nor calendar adjusted,GY,"Growth rate, over 1 year",1971,,6.417596,,A,Normal value,0,Units,,,,,1,One
DATAFLOW,OECD.SDD.TPS:DSD_G20_PRICES@DF_G20_PRICES(1.0),"G20 - Consumer price indices, all items",I,JPN,Japan,A,Annual,N,National,CPI,Consumer price index,PC,Percentage change,_T,Total,N,Neither seasonally adjusted nor calendar adjusted,G1,"Growth rate, period on period",1972,,4.898075,,A,Normal value,0,Units,,,,,1,One
DATAFLOW,OECD.SDD.TPS:DSD_G20_PRICES@DF_G20_PRICES(1.0),"G20 - Consumer price indices, all items",I,JPN,Japan,A,Annual,N,National,CPI,Consumer price index,PA,Percent per annum,_T,Total,N,Neither seasonally adjusted nor calendar adjusted,GY,"Growth rate, over 1 year",1972,,4.898075,,A,Normal value,0,Units,,,,,1,One
DATAFLOW,OECD.SDD.TPS:DSD_G20_PRICES@DF_G20_PRICES(1.0),"G20 - Consumer price indices, all items",I,JPN,Japan,A,Annual,N,National,CPI,Consumer price index,PC,Percentage change,_T,Total,N,Neither seasonally adjusted nor calendar adjusted,G1,"Growth rate, period on period",1973,,11.60594,,A,Normal value,0,Units,,,,,1,One
DATAFLOW,OECD.SDD.TPS:DSD_G20_PRICES@DF_G20_PRICES(1.0),"G20 - Consumer price indices, all items",I,JPN,Japan,A,Annual,N,National,CPI,Consumer price index,PA,Percent per annum,_T,Total,N,Neither seasonally adjusted nor calendar adjusted,GY,"Growth rate, over 1 year",1973,,11.60594,,A,Normal value,0,Units,,,,,1,One
DATAFLOW,OECD.SDD.TPS:DSD_G20_PRICES@DF_G20_PRICES(1.0),"G20 - Consumer price indices, all items",I,JPN,Japan,A,Annual,N,National,CPI,Consumer price index,PC,Percentage change,_T,Total,N,Neither seasonally adjusted nor calendar adjusted,G1,"Growth rate, period on period",1974,,23.09553,,A,Normal value,0,Units,,,,,1,One
DATAFLOW,OECD.SDD.TPS:DSD_G20_PRICES@DF_G20_PRICES(1.0),"G20 - Consumer price indices, all items",I,JPN,Japan,A,Annual,N,National,CPI,Consumer price index,PA,Percent per annum,_T,Total,N,Neither seasonally adjusted nor calendar adjusted,GY,"Growth rate, over 1 year",1974,,23.09553,,A,Normal value,0,Units,,,,,1,One
DATAFLOW,OECD.SDD.TPS:DSD_G20_PRICES@DF_G20_PRICES(1.0),"G20 - Consumer price indices, all items",I,JPN,Japan,A,Annual,N,National,CPI,Consumer price index,PC,Percentage change,_T,Total,N,Neither seasonally adjusted nor calendar adjusted,G1,"Growth rate, period on period",1975,,11.80747,,A,Normal value,0,Units,,,,,1,One
DATAFLOW,OECD.SDD.TPS:DSD_G20_PRICES@DF_G20_PRICES(1.0),"G20 - Consumer price indices, all items",I,JPN,Japan,A,Annual,N,National,CPI,Consumer price index,PA,Percent per annum,_T,Total,N,Neither seasonally adjusted nor calendar adjusted,GY,"Growth rate, over 1 year",1975,,11.80747,,A,Normal value,0,Units,,,,,1,One
DATAFLOW,OECD.SDD.TPS:DSD_G20_PRICES@DF_G20_PRICES(1.0),"G20 - Consumer price indices, all items",I,JPN,Japan,A,Annual,N,National,CPI,Consumer price index,PC,Percentage change,_T,Total,N,Neither seasonally adjusted nor calendar adjusted,G1,"Growth rate, period on period",1976,,9.383237,,A,Normal value,0,Units,,,,,1,One
DATAFLOW,OECD.SDD.TPS:DSD_G20_PRICES@DF_G20_PRICES(1.0),"G20 - Consumer price indices, all items",I,JPN,Japan,A,Annual,N,National,CPI,Consumer price index,PA,Percent per annum,_T,Total,N,Neither seasonally adjusted nor calendar adjusted,GY,"Growth rate, over 1 year",1976,,9.383237,,A,Normal value,0,Units,,,,,1,One
DATAFLOW,OECD.SDD.TPS:DSD_G20_PRICES@DF_G20_PRICES(1.0),"G20 - Consumer price indices, all items",I,JPN,Japan,A,Annual,N,National,CPI,Consumer price index,PC,Percentage change,_T,Total,N,Neither seasonally adjusted nor calendar adjusted,G1,"Growth rate, period on period",1977,,8.11245,,A,Normal value,0,Units,,,,,1,One
DATAFLOW,OECD.SDD.TPS:DSD_G20_PRICES@DF_G20_PRICES(1.0),"G20 - Consumer price indices, all items",I,JPN,Japan,A,Annual,N,National,CPI,Consumer price index,PA,Percent per annum,_T,Total,N,Neither seasonally adjusted nor calendar adjusted,GY,"Growth rate, over 1 year",1977,,8.11245,,A,Normal value,0,Units,,,,,1,One
DATAFLOW,OECD.SDD.TPS:DSD_G20_PRICES@DF_G20_PRICES(1.0),"G20 - Consumer price indices, all items",I,JPN,Japan,A,Annual,N,National,CPI,Consumer price index,PC,Percentage change,_T,Total,N,Neither seasonally adjusted nor calendar adjusted,G1,"Growth rate, period on period",1978,,4.205052,,A,Normal value,0,Units,,,,,1,One
DATAFLOW,OECD.SDD.TPS:DSD_G20_PRICES@DF_G20_PRICES(1.0),"G20 - Consumer price indices, all items",I,JPN,Japan,A,Annual,N,National,CPI,Consumer price index,PA,Percent per annum,_T,Total,N,Neither seasonally adjusted nor calendar adjusted,GY,"Growth rate, over 1 year",1978,,4.205052,,A,Normal value,0,Units,,,,,1,One
DATAFLOW,OECD.SDD.TPS:DSD_G20_PRICES@DF_G20_PRICES(1.0),"G20 - Consumer price indices, all items",I,JPN,Japan,A,Annual,N,National,CPI,Consumer price index,PC,Percentage change,_T,Total,N,Neither seasonally adjusted nor calendar adjusted,G1,"Growth rate, period on period",1979,,3.764437,,A,Normal value,0,Units,,,,,1,One
DATAFLOW,OECD.SDD.TPS:DSD_G20_PRICES@DF_G20_PRICES(1.0),"G20 - Consumer price indices, all items",I,JPN,Japan,A,Annual,N,National,CPI,Consumer price index,PA,Percent per annum,_T,Total,N,Neither seasonally adjusted nor calendar adjusted,GY,"Growth rate, over 1 year",1979,,3.764437,,A,Normal value,0,Units,,,,,1,One
DATAFLOW,OECD.SDD.TPS:DSD_G20_PRICES@DF_G20_PRICES(1.0),"G20 - Consumer price indices, all items",I,JPN,Japan,A,Annual,N,National,CPI,Consumer price index,PC,Percentage change,_T,Total,N,Neither seasonally adjusted nor calendar adjusted,G1,"Growth rate, period on period",1980,,7.791672,,A,Normal value,0,Units,,,,,1,One
DATAFLOW,OECD.SDD.TPS:DSD_G20_PRICES@DF_G20_PRICES(1.0),"G20 - Consumer price indices, all items",I,JPN,Japan,A,Annual,N,National,CPI,Consumer price index,PA,Percent per annum,_T,Total,N,Neither seasonally adjusted nor calendar adjusted,GY,"Growth rate, over 1 year",1980,,7.791672,,A,Normal value,0,Units,,,,,1,One
DATAFLOW,OECD.SDD.TPS:DSD_G20_PRICES@DF_G20_PRICES(1.0),"G20 - Consumer price indices, all items",I,JPN,Japan,A,Annual,N,National,CPI,Consumer price index,PC,Percentage change,_T,Total,N,Neither seasonally adjusted nor calendar adjusted,G1,"Growth rate, period on period",1981,,4.895462,,A,Normal value,0,Units,,,,,1,One
DATAFLOW,OECD.SDD.TPS:DSD_G20_PRICES@DF_G20_PRICES(1.0),"G20 - Consumer price indices, all items",I,JPN,Japan,A,Annual,N,National,CPI,Consumer price index,PA,Percent per annum,_T,Total,N,Neither seasonally adjusted nor calendar adjusted,GY,"Growth rate, over 1 year",1981,,4.895462,,A,Normal value,0,Units,,,,,1,One
DATAFLOW,OECD.SDD.TPS:DSD_G20_PRICES@DF_G20_PRICES(1.0),"G20 - Consumer price indices, all items",I,JPN,Japan,A,Annual,N,National,CPI,Consumer price index,PC,Percentage change,_T,Total,N,Neither seasonally adjusted nor calendar adjusted,G1,"Growth rate, period on period",1982,,2.734565,,A,Normal value,0,Units,,,,,1,One
DATAFLOW,OECD.SDD.TPS:DSD_G20_PRICES@DF_G20_PRICES(1.0),"G20 - Consumer price indices, all items",I,JPN,Japan,A,Annual,N,National,CPI,Consumer price index,PA,Percent per annum,_T,Total,N,Neither seasonally adjusted nor calendar adjusted,GY,"Growth rate, over 1 year",1982,,2.734565,,A,Normal value,0,Units,,,,,1,One
DATAFLOW,OECD.SDD.TPS:DSD_G20_PRICES@DF_G20_PRICES(1.0),"G20 - Consumer price indices, all items",I,JPN,Japan,A,Annual,N,National,CPI,Consumer price index,PC,Percentage change,_T,Total,N,Neither seasonally adjusted nor calendar adjusted,G1,"Growth rate, period on period",1983,,1.880989,,A,Normal value,0,Units,,,,,1,One
DATAFLOW,OECD.SDD.TPS:DSD_G20_PRICES@DF_G20_PRICES(1.0),"G20 - Consumer price indices, all items",I,JPN,Japan,A,Annual,N,National,CPI,Consumer price index,PA,Percent per annum,_T,Total,N,Neither seasonally adjusted nor calendar adjusted,GY,"Growth rate, over 1 year",1983,,1.880989,,A,Normal value,0,Units,,,,,1,One
DATAFLOW,OECD.SDD.TPS:DSD_G20_PRICES@DF_G20_PRICES(1.0),"G20 - Consumer price indices, all items",I,JPN,Japan,A,Annual,N,National,CPI,Consumer price index,PC,Percentage change,_T,Total,N,Neither seasonally adjusted nor calendar adjusted,G1,"Growth rate, period on period",1984,,2.264282,,A,Normal value,0,Units,,,,,1,One
DATAFLOW,OECD.SDD.TPS:DSD_G20_PRICES@DF_G20_PRICES(1.0),"G20 - Consumer price indices, all items",I,JPN,Japan,A,Annual,N,National,CPI,Consumer price index,PA,Percent per annum,_T,Total,N,Neither seasonally adjusted nor calendar adjusted,GY,"Growth rate, over 1 year",1984,,2.264282,,A,Normal value,0,Units,,,,,1,One
DATAFLOW,OECD.SDD.TPS:DSD_G20_PRICES@DF_G20_PRICES(1.0),"G20 - Consumer price indices, all items",I,JPN,Japan,A,Annual,N,National,CPI,Consumer price index,PC,Percentage change,_T,Total,N,Neither seasonally adjusted nor calendar adjusted,G1,"Growth rate, period on period",1985,,2.055183,,A,Normal value,0,Units,,,,,1,One
DATAFLOW,OECD.SDD.TPS:DSD_G20_PRICES@DF_G20_PRICES(1.0),"G20 - Consumer price indices, all items",I,JPN,Japan,A,Annual,N,National,CPI,Consumer price index,PA,Percent per annum,_T,Total,N,Neither seasonally adjusted nor calendar adjusted,GY,"Growth rate, over 1 year",1985,,2.055183,,A,Normal value,0,Units,,,,,1,One
DATAFLOW,OECD.SDD.TPS:DSD_G20_PRICES@DF_G20_PRICES(1.0),"G20 - Consumer price indices, all items",I,JPN,Japan,A,Annual,N,National,CPI,Consumer price index,PC,Percentage change,_T,Total,N,Neither seasonally adjusted nor calendar adjusted,G1,"Growth rate, period on period",1986,,0.6008011,,A,Normal value,0,Units,,,,,1,One
DATAFLOW,OECD.SDD.TPS:DSD_G20_PRICES@DF_G20_PRICES(1.0),"G20 - Consumer price indices, all items",I,JPN,Japan,A,Annual,N,National,CPI,Consumer price index,PA,Percent per annum,_T,Total,N,Neither seasonally adjusted nor calendar adjusted,GY,"Growth rate, over 1 year",1986,,0.6008011,,A,Normal value,0,Units,,,,,1,One
DATAFLOW,OECD.SDD.TPS:DSD_G20_PRICES@DF_G20_PRICES(1.0),"G20 - Consumer price indices, all items",I,JPN,Japan,A,Annual,N,National,CPI,Consumer price index,PC,Percentage change,_T,Total,N,Neither seasonally adjusted nor calendar adjusted,G1,"Growth rate, period on period",1987,,0.110595,,A,Normal value,0,Units,,,,,1,One
DATAFLOW,OECD.SDD.TPS:DSD_G20_PRICES@DF_G20_PRICES(1.0),"G20 - Consumer price indices, all items",I,JPN,Japan,A,Annual,N,National,CPI,Consumer price index,PA,Percent per annum,_T,Total,N,Neither seasonally adjusted nor calendar adjusted,GY,"Growth rate, over 1 year",1987,,0.110595,,A,Normal value,0,Units,,,,,1,One
DATAFLOW,OECD.SDD.TPS:DSD_G20_PRICES@DF_G20_PRICES(1.0),"G20 - Consumer price indices, all items",I,JPN,Japan,A,Annual,N,National,CPI,Consumer price index,PC,Percentage change,_T,Total,N,Neither seasonally adjusted nor calendar adjusted,G1,"Growth rate, period on period",1988,,0.662837,,A,Normal value,0,Units,,,,,1,One
DATAFLOW,OECD.SDD.TPS:DSD_G20_PRICES@DF_G20_PRICES(1.0),"G20 - Consumer price indices, all items",I,JPN,Japan,A,Annual,N,National,CPI,Consumer price index,PA,Percent per annum,_T,Total,N,Neither seasonally adjusted nor calendar adjusted,GY,"Growth rate, over 1 year",1988,,0.662837,,A,Normal value,0,Units,,,,,1,One
DATAFLOW,OECD.SDD.TPS:DSD_G20_PRICES@DF_G20_PRICES(1.0),"G20 - Consumer price indices, all items",I,JPN,Japan,A,Annual,N,National,CPI,Consumer price index,PC,Percentage change,_T,Total,N,Neither seasonally adjusted nor calendar adjusted,G1,"Growth rate, period on period",1989,,2.293679,,A,Normal value,0,Units,,,,,1,One
DATAFLOW,OECD.SDD.TPS:DSD_G20_PRICES@DF_G20_PRICES(1.0),"G20 - Consumer price indices, all items",I,JPN,Japan,A,Annual,N,National,CPI,Consumer price index,PA,Percent per annum,_T,Total,N,Neither seasonally adjusted nor calendar adjusted,GY,"Growth rate, over 1 year",1989,,2.293679,,A,Normal value,0,Units,,,,,1,One
DATAFLOW,OECD.SDD.TPS:DSD_G20_PRICES@DF_G20_PRICES(1.0),"G20 - Consumer price indices, all items",I,JPN,Japan,A,Annual,N,National,CPI,Consumer price index,PC,Percentage change,_T,Total,N,Neither seasonally adjusted nor calendar adjusted,G1,"Growth rate, period on period",1990,,3.057612,,A,Normal value,0,Units,,,,,1,One
DATAFLOW,OECD.SDD.TPS:DSD_G20_PRICES@DF_G20_PRICES(1.0),"G20 - Consumer price indices, all items",I,JPN,Japan,A,Annual,N,National,CPI,Consumer price index,PA,Percent per annum,_T,Total,N,Neither seasonally adjusted nor calendar adjusted,GY,"Growth rate, over 1 year",1990,,3.057612,,A,Normal value,0,Units,,,,,1,One
DATAFLOW,OECD.SDD.TPS:DSD_G20_PRICES@DF_G20_PRICES(1.0),"G20 - Consumer price indices, all items",I,JPN,Japan,A,Annual,N,National,CPI,Consumer price index,PC,Percentage change,_T,Total,N,Neither seasonally adjusted nor calendar adjusted,G1,"Growth rate, period on period",1991,,3.279201,,A,Normal value,0,Units,,,,,1,One
DATAFLOW,OECD.SDD.TPS:DSD_G20_PRICES@DF_G20_PRICES(1.0),"G20 - Consumer price indices, all items",I,JPN,Japan,A,Annual,N,National,CPI,Consumer price index,PA,Percent per annum,_T,Total,N,Neither seasonally adjusted nor calendar adjusted,GY,"Growth rate, over 1 year",1991,,3.279201,,A,Normal value,0,Units,,,,,1,One
DATAFLOW,OECD.SDD.TPS:DSD_G20_PRICES@DF_G20_PRICES(1.0),"G20 - Consumer price indices, all items",I,JPN,Japan,A,Annual,N,National,CPI,Consumer price index,PC,Percentage change,_T,Total,N,Neither seasonally adjusted nor calendar adjusted,G1,"Growth rate, period on period",1992,,1.733696,,A,Normal value,0,Units,,,,,1,One
DATAFLOW,OECD.SDD.TPS:DSD_G20_PRICES@DF_G20_PRICES(1.0),"G20 - Consumer price indices, all items",I,JPN,Japan,A,Annual,N,National,CPI,Consumer price index,PA,Percent per annum,_T,Total,N,Neither seasonally adjusted nor calendar adjusted,GY,"Growth rate, over 1 year",1992,,1.733696,,A,Normal value,0,Units,,,,,1,One
DATAFLOW,OECD.SDD.TPS:DSD_G20_PRICES@DF_G20_PRICES(1.0),"G20 - Consumer price indices, all items",I,JPN,Japan,A,Annual,N,National,CPI,Consumer price index,PC,Percentage change,_T,Total,N,Neither seasonally adjusted nor calendar adjusted,G1,"Growth rate, period on period",1993,,1.258298,,A,Normal value,0,Units,,,,,1,One
DATAFLOW,OECD.SDD.TPS:DSD_G20_PRICES@DF_G20_PRICES(1.0),"G20 - Consumer price indices, all items",I,JPN,Japan,A,Annual,N,National,CPI,Consumer price index,PA,Percent per annum,_T,Total,N,Neither seasonally adjusted nor calendar adjusted,GY,"Growth rate, over 1 year",1993,,1.258298,,A,Normal value,0,Units,,,,,1,One
DATAFLOW,OECD.SDD.TPS:DSD_G20_PRICES@DF_G20_PRICES(1.0),"G20 - Consumer price indices, all items",I,JPN,Japan,A,Annual,N,National,CPI,Consumer price index,PC,Percentage change,_T,Total,N,Neither seasonally adjusted nor calendar adjusted,G1,"Growth rate, period on period",1994,,0.6849315,,A,Normal value,0,Units,,,,,1,One
DATAFLOW,OECD.SDD.TPS:DSD_G20_PRICES@DF_G20_PRICES(1.0),"G20 - Consumer price indices, all items",I,JPN,Japan,A,Annual,N,National,CPI,Consumer price index,PA,Percent per annum,_T,Total,N,Neither seasonally adjusted nor calendar adjusted,GY,"Growth rate, over 1 year",1994,,0.6849315,,A,Normal value,0,Units,,,,,1,One
DATAFLOW,OECD.SDD.TPS:DSD_G20_PRICES@DF_G20_PRICES(1.0),"G20 - Consumer price indices, all items",I,JPN,Japan,A,Annual,N,National,CPI,Consumer price index,PC,Percentage change,_T,Total,N,Neither seasonally adjusted nor calendar adjusted,G1,"Growth rate, period on period",1995,,-0.1068999,,A,Normal value,0,Units,,,,,1,One
DATAFLOW,OECD.SDD.TPS:DSD_G20_PRICES@DF_G20_PRICES(1.0),"G20 - Consumer price indices, all items",I,JPN,Japan,A,Annual,N,National,CPI,Consumer price index,PA,Percent per annum,_T,Total,N,Neither seasonally adjusted nor calendar adjusted,GY,"Growth rate, over 1 year",1995,,-0.1068999,,A,Normal value,0,Units,,,,,1,One
DATAFLOW,OECD.SDD.TPS:DSD_G20_PRICES@DF_G20_PRICES(1.0),"G20 - Consumer price indices, all items",I,JPN,Japan,A,Annual,N,National,CPI,Consumer price index,PC,Percentage change,_T,Total,N,Neither seasonally adjusted nor calendar adjusted,G1,"Growth rate, period on period",1996,,0.1362,,A,Normal value,0,Units,,,,,1,One
DATAFLOW,OECD.SDD.TPS:DSD_G20_PRICES@DF_G20_PRICES(1.0),"G20 - Consumer price indices, all items",I,JPN,Japan,A,Annual,N,National,CPI,Consumer price index,PA,Percent per annum,_T,Total,N,Neither seasonally adjusted nor calendar adjusted,GY,"Growth rate, over 1 year",1996,,0.1362,,A,Normal value,0,Units,,,,,1,One
DATAFLOW,OECD.SDD.TPS:DSD_G20_PRICES@DF_G20_PRICES(1.0),"G20 - Consumer price indices, all items",I,JPN,Japan,A,Annual,N,National,CPI,Consumer price index,PC,Percentage change,_T,Total,N,Neither seasonally adjusted nor calendar adjusted,G1,"Growth rate, period on period",1997,,1.700185,,A,Normal value,0,Units,,,,,1,One
DATAFLOW,OECD.SDD.TPS:DSD_G20_PRICES@DF_G20_PRICES(1.0),"G20 - Consumer price indices, all items",I,JPN,Japan,A,Annual,N,National,CPI,Consumer price index,PA,Percent per annum,_T,Total,N,Neither seasonally adjusted nor calendar adjusted,GY,"Growth rate, over 1 year",1997,,1.700185,,A,Normal value,0,Units,,,,,1,One
DATAFLOW,OECD.SDD.TPS:DSD_G20_PRICES@DF_G20_PRICES(1.0),"G20 - Consumer price indices, all items",I,JPN,Japan,A,Annual,N,National,CPI,Consumer price index,PC,Percentage change,_T,Total,N,Neither seasonally adjusted nor calendar adjusted,G1,"Growth rate, period on period",1998,,0.6687046,,A,Normal value,0,Units,,,,,1,One
DATAFLOW,OECD.SDD.TPS:DSD_G20_PRICES@DF_G20_PRICES(1.0),"G20 - Consumer price indices, all items",I,JPN,Japan,A,Annual,N,National,CPI,Consumer price index,PA,Percent per annum,_T,Total,N,Neither seasonally adjusted nor calendar adjusted,GY,"Growth rate, over 1 year",1998,,0.6687046,,A,Normal value,0,Units,,,,,1,One
DATAFLOW,OECD.SDD.TPS:DSD_G20_PRICES@DF_G20_PRICES(1.0),"G20 - Consumer price indices, all items",I,JPN,Japan,A,Annual,N,National,CPI,Consumer price index,PC,Percentage change,_T,Total,N,Neither seasonally adjusted nor calendar adjusted,G1,"Growth rate, period on period",1999,,-0.3416208,,A,Normal value,0,Units,,,,,1,One
DATAFLOW,OECD.SDD.TPS:DSD_G20_PRICES@DF_G20_PRICES(1.0),"G20 - Consumer price indices, all items",I,JPN,Japan,A,Annual,N,National,CPI,Consumer price index,PA,Percent per annum,_T,Total,N,Neither seasonally adjusted nor calendar adjusted,GY,"Growth rate, over 1 year",1999,,-0.3416208,,A,Normal value,0,Units,,,,,1,One
DATAFLOW,OECD.SDD.TPS:DSD_G20_PRICES@DF_G20_PRICES(1.0),"G20 - Consumer price indices, all items",I,JPN,Japan,A,Annual,N,National,CPI,Consumer price index,PC,Percentage change,_T,Total,N,Neither seasonally adjusted nor calendar adjusted,G1,"Growth rate, period on period",2000,,-0.6760617,,A,Normal value,0,Units,,,,,1,One
DATAFLOW,OECD.SDD.TPS:DSD_G20_PRICES@DF_G20_PRICES(1.0),"G20 - Consumer price indices, all items",I,JPN,Japan,A,Annual,N,National,CPI,Consumer price index,PA,Percent per annum,_T,Total,N,Neither seasonally adjusted nor calendar adjusted,GY,"Growth rate, over 1 year",2000,,-0.6760617,,A,Normal value,0,Units,,,,,1,One
DATAFLOW,OECD.SDD.TPS:DSD_G20_PRICES@DF_G20_PRICES(1.0),"G20 - Consumer price indices, all items",I,JPN,Japan,A,Annual,N,National,CPI,Consumer price index,PC,Percentage change,_T,Total,N,Neither seasonally adjusted nor calendar adjusted,G1,"Growth rate, period on period",2001,,-0.7190107,,A,Normal value,0,Units,,,,,1,One
DATAFLOW,OECD.SDD.TPS:DSD_G20_PRICES@DF_G20_PRICES(1.0),"G20 - Consumer price indices, all items",I,JPN,Japan,A,Annual,N,National,CPI,Consumer price index,PA,Percent per annum,_T,Total,N,Neither seasonally adjusted nor calendar adjusted,GY,"Growth rate, over 1 year",2001,,-0.7190107,,A,Normal value,0,Units,,,,,1,One
DATAFLOW,OECD.SDD.TPS:DSD_G20_PRICES@DF_G20_PRICES(1.0),"G20 - Consumer price indices, all items",I,JPN,Japan,A,Annual,N,National,CPI,Consumer price index,PC,Percentage change,_T,Total,N,Neither seasonally adjusted nor calendar adjusted,G1,"Growth rate, period on period",2002,,-0.9076864,,A,Normal value,0,Units,,,,,1,One
DATAFLOW,OECD.SDD.TPS:DSD_G20_PRICES@DF_G20_PRICES(1.0),"G20 - Consumer price indices, all items",I,JPN,Japan,A,Annual,N,National,CPI,Consumer price index,PA,Percent per annum,_T,Total,N,Neither seasonally adjusted nor calendar adjusted,GY,"Growth rate, over 1 year",2002,,-0.9076864,,A,Normal value,0,Units,,,,,1,One
DATAFLOW,OECD.SDD.TPS:DSD_G20_PRICES@DF_G20_PRICES(1.0),"G20 - Consumer price indices, all items",I,JPN,Japan,A,Annual,N,National,CPI,Consumer price index,PC,Percentage change,_T,Total,N,Neither seasonally adjusted nor calendar adjusted,G1,"Growth rate, period on period",2003,,-0.2631066,,A,Normal value,0,Units,,,,,1,One
DATAFLOW,OECD.SDD.TPS:DSD_G20_PRICES@DF_G20_PRICES(1.0),"G20 - Consumer price indices, all items",I,JPN,Japan,A,Annual,N,National,CPI,Consumer price index,PA,Percent per annum,_T,Total,N,Neither seasonally adjusted nor calendar adjusted,GY,"Growth rate, over 1 year",2003,,-0.2631066,,A,Normal value,0,Units,,,,,1,One
DATAFLOW,OECD.SDD.TPS:DSD_G20_PRICES@DF_G20_PRICES(1.0),"G20 - Consumer price indices, all items",I,JPN,Japan,A,Annual,N,National,CPI,Consumer price index,PC,Percentage change,_T,Total,N,Neither seasonally adjusted nor calendar adjusted,G1,"Growth rate, period on period",2004,,-0.01954079,,A,Normal value,0,Units,,,,,1,One
DATAFLOW,OECD.SDD.TPS:DSD_G20_PRICES@DF_G20_PRICES(1.0),"G20 - Consumer price indices, all items",I,JPN,Japan,A,Annual,N,National,CPI,Consumer price index,PA,Percent per annum,_T,Total,N,Neither seasonally adjusted nor calendar adjusted,GY,"Growth rate, over 1 year",2004,,-0.01954079,,A,Normal value,0,Units,,,,,1,One
DATAFLOW,OECD.SDD.TPS:DSD_G20_PRICES@DF_G20_PRICES(1.0),"G20 - Consumer price indices, all items",I,JPN,Japan,A,Annual,N,National,CPI,Consumer price index,PC,Percentage change,_T,Total,N,Neither seasonally adjusted nor calendar adjusted,G1,"Growth rate, period on period",2005,,-0.2443076,,A,Normal value,0,Units,,,,,1,One
DATAFLOW,OECD.SDD.TPS:DSD_G20_PRICES@DF_G20_PRICES(1.0),"G20 - Consumer price indices, all items",I,JPN,Japan,A,Annual,N,National,CPI,Consumer price index,PA,Percent per annum,_T,Total,N,Neither seasonally adjusted nor calendar adjusted,GY,"Growth rate, over 1 year",2005,,-0.2443076,,A,Normal value,0,Units,,,,,1,One
DATAFLOW,OECD.SDD.TPS:DSD_G20_PRICES@DF_G20_PRICES(1.0),"G20 - Consumer price indices, all items",I,JPN,Japan,A,Annual,N,National,CPI,Consumer price index,PC,Percentage change,_T,Total,N,Neither seasonally adjusted nor calendar adjusted,G1,"Growth rate, period on period",2006,,0.2155172,,A,Normal value,0,Units,,,,,1,One
DATAFLOW,OECD.SDD.TPS:DSD_G20_PRICES@DF_G20_PRICES(1.0),"G20 - Consumer price indices, all items",I,JPN,Japan,A,Annual,N,National,CPI,Consumer price index,PA,Percent per annum,_T,Total,N,Neither seasonally adjusted nor calendar adjusted,GY,"Growth rate, over 1 year",2006,,0.2155172,,A,Normal value,0,Units,,,,,1,One
DATAFLOW,OECD.SDD.TPS:DSD_G20_PRICES@DF_G20_PRICES(1.0),"G20 - Consumer price indices, all items",I,JPN,Japan,A,Annual,N,National,CPI,Consumer price index,PC,Percentage change,_T,Total,N,Neither seasonally adjusted nor calendar adjusted,G1,"Growth rate, period on period",2007,,0.04887586,,A,Normal value,0,Units,,,,,1,One
DATAFLOW,OECD.SDD.TPS:DSD_G20_PRICES@DF_G20_PRICES(1.0),"G20 - Consumer price indices, all items",I,JPN,Japan,A,Annual,N,National,CPI,Consumer price index,PA,Percent per annum,_T,Total,N,Neither seasonally adjusted nor calendar adjusted,GY,"Growth rate, over 1 year",2007,,0.04887586,,A,Normal value,0,Units,,,,,1,One
DATAFLOW,OECD.SDD.TPS:DSD_G20_PRICES@DF_G20_PRICES(1.0),"G20 - Consumer price indices, all items",I,JPN,Japan,A,Annual,N,National,CPI,Consumer price index,PC,Percentage change,_T,Total,N,Neither seasonally adjusted nor calendar adjusted,G1,"Growth rate, period on period",2008,,1.387396,,A,Normal value,0,Units,,,,,1,One
DATAFLOW,OECD.SDD.TPS:DSD_G20_PRICES@DF_G20_PRICES(1.0),"G20 - Consumer price indices, all items",I,JPN,Japan,A,Annual,N,National,CPI,Consumer price index,PA,Percent per annum,_T,Total,N,Neither seasonally adjusted nor calendar adjusted,GY,"Growth rate, over 1 year",2008,,1.387396,,A,Normal value,0,Units,,,,,1,One
DATAFLOW,OECD.SDD.TPS:DSD_G20_PRICES@DF_G20_PRICES(1.0),"G20 - Consumer price indices, all items",I,JPN,Japan,A,Annual,N,National,CPI,Consumer price index,PC,Percentage change,_T,Total,N,Neither seasonally adjusted nor calendar adjusted,G1,"Growth rate, period on period",2009,,-1.349138,,A,Normal value,0,Units,,,,,1,One
DATAFLOW,OECD.SDD.TPS:DSD_G20_PRICES@DF_G20_PRICES(1.0),"G20 - Consumer price indices, all items",I,JPN,Japan,A,Annual,N,National,CPI,Consumer price index,PA,Percent per annum,_T,Total,N,Neither seasonally adjusted nor calendar adjusted,GY,"Growth rate, over 1 year",2009,,-1.349138,,A,Normal value,0,Units,,,,,1,One
DATAFLOW,OECD.SDD.TPS:DSD_G20_PRICES@DF_G20_PRICES(1.0),"G20 - Consumer price indices, all items",I,JPN,Japan,A,Annual,N,National,CPI,Consumer price index,PC,Percentage change,_T,Total,N,Neither seasonally adjusted nor calendar adjusted,G1,"Growth rate, period on period",2010,,-0.7033311,,A,Normal value,0,Units,,,,,1,One
DATAFLOW,OECD.SDD.TPS:DSD_G20_PRICES@DF_G20_PRICES(1.0),"G20 - Consumer price indices, all items",I,JPN,Japan,A,Annual,N,National,CPI,Consumer price index,PA,Percent per annum,_T,Total,N,Neither seasonally adjusted nor calendar adjusted,GY,"Growth rate, over 1 year",2010,,-0.7033311,,A,Normal value,0,Units,,,,,1,One
DATAFLOW,OECD.SDD.TPS:DSD_G20_PRICES@DF_G20_PRICES(1.0),"G20 - Consumer price indices, all items",I,JPN,Japan,A,Annual,N,National,CPI,Consumer price index,PC,Percentage change,_T,Total,N,Neither seasonally adjusted nor calendar adjusted,G1,"Growth rate, period on period",2011,,-0.2852927,,A,Normal value,0,Units,,,,,1,One
DATAFLOW,OECD.SDD.TPS:DSD_G20_PRICES@DF_G20_PRICES(1.0),"G20 - Consumer price indices, all items",I,JPN,Japan,A,Annual,N,National,CPI,Consumer price index,PA,Percent per annum,_T,Total,N,Neither seasonally adjusted nor calendar adjusted,GY,"Growth rate, over 1 year",2011,,-0.2852927,,A,Normal value,0,Units,,,,,1,One
DATAFLOW,OECD.SDD.TPS:DSD_G20_PRICES@DF_G20_PRICES(1.0),"G20 - Consumer price indices, all items",I,JPN,Japan,A,Annual,N,National,CPI,Consumer price index,PC,Percentage change,_T,Total,N,Neither seasonally adjusted nor calendar adjusted,G1,"Growth rate, period on period",2012,,-0.04932912,,A,Normal value,0,Units,,,,,1,One
DATAFLOW,OECD.SDD.TPS:DSD_G20_PRICES@DF_G20_PRICES(1.0),"G20 - Consumer price indices, all items",I,JPN,Japan,A,Annual,N,National,CPI,Consumer price index,PA,Percent per annum,_T,Total,N,Neither seasonally adjusted nor calendar adjusted,GY,"Growth rate, over 1 year",2012,,-0.04932912,,A,Normal value,0,Units,,,,,1,One
DATAFLOW,OECD.SDD.TPS:DSD_G20_PRICES@DF_G20_PRICES(1.0),"G20 - Consumer price indices, all items",I,JPN,Japan,A,Annual,N,National,CPI,Consumer price index,PC,Percentage change,_T,Total,N,Neither seasonally adjusted nor calendar adjusted,G1,"Growth rate, period on period",2013,,0.3356036,,A,Normal value,0,Units,,,,,1,One
DATAFLOW,OECD.SDD.TPS:DSD_G20_PRICES@DF_G20_PRICES(1.0),"G20 - Consumer price indices, all items",I,JPN,Japan,A,Annual,N,National,CPI,Consumer price index,PA,Percent per annum,_T,Total,N,Neither seasonally adjusted nor calendar adjusted,GY,"Growth rate, over 1 year",2013,,0.3356036,,A,Normal value,0,Units,,,,,1,One
DATAFLOW,OECD.SDD.TPS:DSD_G20_PRICES@DF_G20_PRICES(1.0),"G20 - Consumer price indices, all items",I,JPN,Japan,A,Annual,N,National,CPI,Consumer price index,PC,Percentage change,_T,Total,N,Neither seasonally adjusted nor calendar adjusted,G1,"Growth rate, period on period",2014,,2.774225,,A,Normal value,0,Units,,,,,1,One
DATAFLOW,OECD.SDD.TPS:DSD_G20_PRICES@DF_G20_PRICES(1.0),"G20 - Consumer price indices, all items",I,JPN,Japan,A,Annual,N,National,CPI,Consumer price index,PA,Percent per annum,_T,Total,N,Neither seasonally adjusted nor calendar adjusted,GY,"Growth rate, over 1 year",2014,,2.774225,,A,Normal value,0,Units,,,,,1,One
DATAFLOW,OECD.SDD.TPS:DSD_G20_PRICES@DF_G20_PRICES(1.0),"G20 - Consumer price indices, all items",I,JPN,Japan,A,Annual,N,National,CPI,Consumer price index,PC,Percentage change,_T,Total,N,Neither seasonally adjusted nor calendar adjusted,G1,"Growth rate, period on period",2015,,0.7849143,,A,Normal value,0,Units,,,,,1,One
DATAFLOW,OECD.SDD.TPS:DSD_G20_PRICES@DF_G20_PRICES(1.0),"G20 - Consumer price indices, all items",I,JPN,Japan,A,Annual,N,National,CPI,Consumer price index,PA,Percent per annum,_T,Total,N,Neither seasonally adjusted nor calendar adjusted,GY,"Growth rate, over 1 year",2015,,0.7849143,,A,Normal value,0,Units,,,,,1,One
DATAFLOW,OECD.SDD.TPS:DSD_G20_PRICES@DF_G20_PRICES(1.0),"G20 - Consumer price indices, all items",I,JPN,Japan,A,Annual,N,National,CPI,Consumer price index,PC,Percentage change,_T,Total,N,Neither seasonally adjusted nor calendar adjusted,G1,"Growth rate, period on period",2016,,-0.1139709,,A,Normal value,0,Units,,,,,1,One
DATAFLOW,OECD.SDD.TPS:DSD_G20_PRICES@DF_G20_PRICES(1.0),"G20 - Consumer price indices, all items",I,JPN,Japan,A,Annual,N,National,CPI,Consumer price index,PA,Percent per annum,_T,Total,N,Neither seasonally adjusted nor calendar adjusted,GY,"Growth rate, over 1 year",2016,,-0.1139709,,A,Normal value,0,Units,,,,,1,One
DATAFLOW,OECD.SDD.TPS:DSD_G20_PRICES@DF_G20_PRICES(1.0),"G20 - Consumer price indices, all items",I,JPN,Japan,A,Annual,N,National,CPI,Consumer price index,PC,Percentage change,_T,Total,N,Neither seasonally adjusted nor calendar adjusted,G1,"Growth rate, period on period",2017,,0.4754207,,A,Normal value,0,Units,,,,,1,One
DATAFLOW,OECD.SDD.TPS:DSD_G20_PRICES@DF_G20_PRICES(1.0),"G20 - Consumer price indices, all items",I,JPN,Japan,A,Annual,N,National,CPI,Consumer price index,PA,Percent per annum,_T,Total,N,Neither seasonally adjusted nor calendar adjusted,GY,"Growth rate, over 1 year",2017,,0.4754207,,A,Normal value,0,Units,,,,,1,One
DATAFLOW,OECD.SDD.TPS:DSD_G20_PRICES@DF_G20_PRICES(1.0),"G20 - Consumer price indices, all items",I,JPN,Japan,A,Annual,N,National,CPI,Consumer price index,PC,Percentage change,_T,Total,N,Neither seasonally adjusted nor calendar adjusted,G1,"Growth rate, period on period",2018,,0.9652692,,A,Normal value,0,Units,,,,,1,One
DATAFLOW,OECD.SDD.TPS:DSD_G20_PRICES@DF_G20_PRICES(1.0),"G20 - Consumer price indices, all items",I,JPN,Japan,A,Annual,N,National,CPI,Consumer price index,PA,Percent per annum,_T,Total,N,Neither seasonally adjusted nor calendar adjusted,GY,"Growth rate, over 1 year",2018,,0.9652692,,A,Normal value,0,Units,,,,,1,One
DATAFLOW,OECD.SDD.TPS:DSD_G20_PRICES@DF_G20_PRICES(1.0),"G20 - Consumer price indices, all items",I,JPN,Japan,A,Annual,N,National,CPI,Consumer price index,PC,Percentage change,_T,Total,N,Neither seasonally adjusted nor calendar adjusted,G1,"Growth rate, period on period",2019,,0.4967663,,A,Normal value,0,Units,,,,,1,One
DATAFLOW,OECD.SDD.TPS:DSD_G20_PRICES@DF_G20_PRICES(1.0),"G20 - Consumer price indices, all items",I,JPN,Japan,A,Annual,N,National,CPI,Consumer price index,PA,Percent per annum,_T,Total,N,Neither seasonally adjusted nor calendar adjusted,GY,"Growth rate, over 1 year",2019,,0.4967663,,A,Normal value,0,Units,,,,,1,One
DATAFLOW,OECD.SDD.TPS:DSD_G20_PRICES@DF_G20_PRICES(1.0),"G20 - Consumer price indices, all items",I,JPN,Japan,A,Annual,N,National,CPI,Consumer price index,PC,Percentage change,_T,Total,N,Neither seasonally adjusted nor calendar adjusted,G1,"Growth rate, period on period",2020,,-0.01865324,,A,Normal value,0,Units,,,,,1,One
DATAFLOW,OECD.SDD.TPS:DSD_G20_PRICES@DF_G20_PRICES(1.0),"G20 - Consumer price indices, all items",I,JPN,Japan,A,Annual,N,National,CPI,Consumer price index,PA,Percent per annum,_T,Total,N,Neither seasonally adjusted nor calendar adjusted,GY,"Growth rate, over 1 year",2020,,-0.01865324,,A,Normal value,0,Units,,,,,1,One
DATAFLOW,OECD.SDD.TPS:DSD_G20_PRICES@DF_G20_PRICES(1.0),"G20 - Consumer price indices, all items",I,JPN,Japan,A,Annual,N,National,CPI,Consumer price index,PC,Percentage change,_T,Total,N,Neither seasonally adjusted nor calendar adjusted,G1,"Growth rate, period on period",2021,,-0.2425373,,A,Normal value,0,Units,,,,,1,One
DATAFLOW,OECD.SDD.TPS:DSD_G20_PRICES@DF_G20_PRICES(1.0),"G20 - Consumer price indices, all items",I,JPN,Japan,A,Annual,N,National,CPI,Consumer price index,PA,Percent per annum,_T,Total,N,Neither seasonally adjusted nor calendar adjusted,GY,"Growth rate, over 1 year",2021,,-0.2425373,,A,Normal value,0,Units,,,,,1,One
DATAFLOW,OECD.SDD.TPS:DSD_G20_PRICES@DF_G20_PRICES(1.0),"G20 - Consumer price indices, all items",I,JPN,Japan,A,Annual,N,National,CPI,Consumer price index,PC,Percentage change,_T,Total,N,Neither seasonally adjusted nor calendar adjusted,G1,"Growth rate, period on period",2022,,2.506078,,A,Normal value,0,Units,,,,,1,One
DATAFLOW,OECD.SDD.TPS:DSD_G20_PRICES@DF_G20_PRICES(1.0),"G20 - Consumer price indices, all items",I,JPN,Japan,A,Annual,N,National,CPI,Consumer price index,PA,Percent per annum,_T,Total,N,Neither seasonally adjusted nor calendar adjusted,GY,"Growth rate, over 1 year",2022,,2.506078,,A,Normal value,0,Units,,,,,1,One
DATAFLOW,OECD.SDD.TPS:DSD_G20_PRICES@DF_G20_PRICES(1.0),"G20 - Consumer price indices, all items",I,JPN,Japan,A,Annual,N,National,CPI,Consumer price index,PC,Percentage change,_T,Total,N,Neither seasonally adjusted nor calendar adjusted,G1,"Growth rate, period on period",2023,,3.256705,,A,Normal value,0,Units,,,,,1,One
DATAFLOW,OECD.SDD.TPS:DSD_G20_PRICES@DF_G20_PRICES(1.0),"G20 - Consumer price indices, all items",I,JPN,Japan,A,Annual,N,National,CPI,Consumer price index,PA,Percent per annum,_T,Total,N,Neither seasonally adjusted nor calendar adjusted,GY,"Growth rate, over 1 year",2023,,3.256705,,A,Normal value,0,Units,,,,,1,One
DATAFLOW,OECD.SDD.TPS:DSD_G20_PRICES@DF_G20_PRICES(1.0),"G20 - Consumer price indices, all items",I,JPN,Japan,A,Annual,N,National,CPI,Consumer price index,PC,Percentage change,_T,Total,N,Neither seasonally adjusted nor calendar adjusted,G1,"Growth rate, period on period",2024,,2.747592,,A,Normal value,0,Units,,,,,1,One
DATAFLOW,OECD.SDD.TPS:DSD_G20_PRICES@DF_G20_PRICES(1.0),"G20 - Consumer price indices, all items",I,JPN,Japan,A,Annual,N,National,CPI,Consumer price index,PA,Percent per annum,_T,Total,N,Neither seasonally adjusted nor calendar adjusted,GY,"Growth rate, over 1 year",2024,,2.747592,,A,Normal value,0,Units,,,,,1,One
DATAFLOW,OECD.SDD.TPS:DSD_G20_PRICES@DF_G20_PRICES(1.0),"G20 - Consumer price indices, all items",I,JPN,Japan,A,Annual,N,National,CPI,Consumer price index,PC,Percentage change,_T,Total,N,Neither seasonally adjusted nor calendar adjusted,G1,"Growth rate, period on period",2025,,3.190026,,A,Normal value,0,Units,,,,,1,One
DATAFLOW,OECD.SDD.TPS:DSD_G20_PRICES@DF_G20_PRICES(1.0),"G20 - Consumer price indices, all items",I,JPN,Japan,A,Annual,N,National,CPI,Consumer price index,PA,Percent per annum,_T,Total,N,Neither seasonally adjusted nor calendar adjusted,GY,"Growth rate, over 1 year",2025,,3.190026,,A,Normal value,0,Units,,,,,1,One
DATAFLOW,OECD.SDD.TPS:DSD_G20_PRICES@DF_G20_PRICES(1.0),"G20 - Consumer price indices, all items",I,JPN,Japan,A,Annual,N,National,CPI,Consumer price index,IX,Index,_T,Total,N,Neither seasonally adjusted nor calendar adjusted,_Z,Not applicable,1970,,31.52246,,A,Normal value,0,Units,2015,,,,1,One
DATAFLOW,OECD.SDD.TPS:DSD_G20_PRICES@DF_G20_PRICES(1.0),"G20 - Consumer price indices, all items",I,JPN,Japan,A,Annual,N,National,CPI,Consumer price index,IX,Index,_T,Total,N,Neither seasonally adjusted nor calendar adjusted,_Z,Not applicable,1971,,33.54544,,A,Normal value,0,Units,2015,,,,1,One
DATAFLOW,OECD.SDD.TPS:DSD_G20_PRICES@DF_G20_PRICES(1.0),"G20 - Consumer price indices, all items",I,JPN,Japan,A,Annual,N,National,CPI,Consumer price index,IX,Index,_T,Total,N,Neither seasonally adjusted nor calendar adjusted,_Z,Not applicable,1972,,35.18853,,A,Normal value,0,Units,2015,,,,1,One
DATAFLOW,OECD.SDD.TPS:DSD_G20_PRICES@DF_G20_PRICES(1.0),"G20 - Consumer price indices, all items",I,JPN,Japan,A,Annual,N,National,CPI,Consumer price index,IX,Index,_T,Total,N,Neither seasonally adjusted nor calendar adjusted,_Z,Not applicable,1973,,39.27248,,A,Normal value,0,Units,2015,,,,1,One
DATAFLOW,OECD.SDD.TPS:DSD_G20_PRICES@DF_G20_PRICES(1.0),"G20 - Consumer price indices, all items",I,JPN,Japan,A,Annual,N,National,CPI,Consumer price index,IX,Index,_T,Total,N,Neither seasonally adjusted nor calendar adjusted,_Z,Not applicable,1974,,48.34267,,A,Normal value,0,Units,2015,,,,1,One
DATAFLOW,OECD.SDD.TPS:DSD_G20_PRICES@DF_G20_PRICES(1.0),"G20 - Consumer price indices, all items",I,JPN,Japan,A,Annual,N,National,CPI,Consumer price index,IX,Index,_T,Total,N,Neither seasonally adjusted nor calendar adjusted,_Z,Not applicable,1975,,54.05072,,A,Normal value,0,Units,2015,,,,1,One
DATAFLOW,OECD.SDD.TPS:DSD_G20_PRICES@DF_G20_PRICES(1.0),"G20 - Consumer price indices, all items",I,JPN,Japan,A,Annual,N,National,CPI,Consumer price index,IX,Index,_T,Total,N,Neither seasonally adjusted nor calendar adjusted,_Z,Not applicable,1976,,59.12243,,A,Normal value,0,Units,2015,,,,1,One
DATAFLOW,OECD.SDD.TPS:DSD_G20_PRICES@DF_G20_PRICES(1.0),"G20 - Consumer price indices, all items",I,JPN,Japan,A,Annual,N,National,CPI,Consumer price index,IX,Index,_T,Total,N,Neither seasonally adjusted nor calendar adjusted,_Z,Not applicable,1977,,63.9187,,A,Normal value,0,Units,2015,,,,1,One
DATAFLOW,OECD.SDD.TPS:DSD_G20_PRICES@DF_G20_PRICES(1.0),"G20 - Consumer price indices, all items",I,JPN,Japan,A,Annual,N,National,CPI,Consumer price index,IX,Index,_T,Total,N,Neither seasonally adjusted nor calendar adjusted,_Z,Not applicable,1978,,66.60651,,A,Normal value,0,Units,2015,,,,1,One
DATAFLOW,OECD.SDD.TPS:DSD_G20_PRICES@DF_G20_PRICES(1.0),"G20 - Consumer price indices, all items",I,JPN,Japan,A,Annual,N,National,CPI,Consumer price index,IX,Index,_T,Total,N,Neither seasonally adjusted nor calendar adjusted,_Z,Not applicable,1979,,69.11388,,A,Normal value,0,Units,2015,,,,1,One
DATAFLOW,OECD.SDD.TPS:DSD_G20_PRICES@DF_G20_PRICES(1.0),"G20 - Consumer price indices, all items",I,JPN,Japan,A,Annual,N,National,CPI,Consumer price index,IX,Index,_T,Total,N,Neither seasonally adjusted nor calendar adjusted,_Z,Not applicable,1980,,74.499,,A,Normal value,0,Units,2015,,,,1,One
DATAFLOW,OECD.SDD.TPS:DSD_G20_PRICES@DF_G20_PRICES(1.0),"G20 - Consumer price indices, all items",I,JPN,Japan,A,Annual,N,National,CPI,Consumer price index,IX,Index,_T,Total,N,Neither seasonally adjusted nor calendar adjusted,_Z,Not applicable,1981,,78.14607,,A,Normal value,0,Units,2015,,,,1,One
DATAFLOW,OECD.SDD.TPS:DSD_G20_PRICES@DF_G20_PRICES(1.0),"G20 - Consumer price indices, all items",I,JPN,Japan,A,Annual,N,National,CPI,Consumer price index,IX,Index,_T,Total,N,Neither seasonally adjusted nor calendar adjusted,_Z,Not applicable,1982,,80.28303,,A,Normal value,0,Units,2015,,,,1,One
DATAFLOW,OECD.SDD.TPS:DSD_G20_PRICES@DF_G20_PRICES(1.0),"G20 - Consumer price indices, all items",I,JPN,Japan,A,Annual,N,National,CPI,Consumer price index,IX,Index,_T,Total,N,Neither seasonally adjusted nor calendar adjusted,_Z,Not applicable,1983,,81.79314,,A,Normal value,0,Units,2015,,,,1,One
DATAFLOW,OECD.SDD.TPS:DSD_G20_PRICES@DF_G20_PRICES(1.0),"G20 - Consumer price indices, all items",I,JPN,Japan,A,Annual,N,National,CPI,Consumer price index,IX,Index,_T,Total,N,Neither seasonally adjusted nor calendar adjusted,_Z,Not applicable,1984,,83.64517,,A,Normal value,0,Units,2015,,,,1,One
DATAFLOW,OECD.SDD.TPS:DSD_G20_PRICES@DF_G20_PRICES(1.0),"G20 - Consumer price indices, all items",I,JPN,Japan,A,Annual,N,National,CPI,Consumer price index,IX,Index,_T,Total,N,Neither seasonally adjusted nor calendar adjusted,_Z,Not applicable,1985,,85.36423,,A,Normal value,0,Units,2015,,,,1,One
DATAFLOW,OECD.SDD.TPS:DSD_G20_PRICES@DF_G20_PRICES(1.0),"G20 - Consumer price indices, all items",I,JPN,Japan,A,Annual,N,National,CPI,Consumer price index,IX,Index,_T,Total,N,Neither seasonally adjusted nor calendar adjusted,_Z,Not applicable,1986,,85.8771,,A,Normal value,0,Units,2015,,,,1,One
DATAFLOW,OECD.SDD.TPS:DSD_G20_PRICES@DF_G20_PRICES(1.0),"G20 - Consumer price indices, all items",I,JPN,Japan,A,Annual,N,National,CPI,Consumer price index,IX,Index,_T,Total,N,Neither seasonally adjusted nor calendar adjusted,_Z,Not applicable,1987,,85.97208,,A,Normal value,0,Units,2015,,,,1,One
DATAFLOW,OECD.SDD.TPS:DSD_G20_PRICES@DF_G20_PRICES(1.0),"G20 - Consumer price indices, all items",I,JPN,Japan,A,Annual,N,National,CPI,Consumer price index,IX,Index,_T,Total,N,Neither seasonally adjusted nor calendar adjusted,_Z,Not applicable,1988,,86.54193,,A,Normal value,0,Units,2015,,,,1,One
DATAFLOW,OECD.SDD.TPS:DSD_G20_PRICES@DF_G20_PRICES(1.0),"G20 - Consumer price indices, all items",I,JPN,Japan,A,Annual,N,National,CPI,Consumer price index,IX,Index,_T,Total,N,Neither seasonally adjusted nor calendar adjusted,_Z,Not applicable,1989,,88.52692,,A,Normal value,0,Units,2015,,,,1,One
DATAFLOW,OECD.SDD.TPS:DSD_G20_PRICES@DF_G20_PRICES(1.0),"G20 - Consumer price indices, all items",I,JPN,Japan,A,Annual,N,National,CPI,Consumer price index,IX,Index,_T,Total,N,Neither seasonally adjusted nor calendar adjusted,_Z,Not applicable,1990,,91.23373,,A,Normal value,0,Units,2015,,,,1,One
DATAFLOW,OECD.SDD.TPS:DSD_G20_PRICES@DF_G20_PRICES(1.0),"G20 - Consumer price indices, all items",I,JPN,Japan,A,Annual,N,National,CPI,Consumer price index,IX,Index,_T,Total,N,Neither seasonally adjusted nor calendar adjusted,_Z,Not applicable,1991,,94.22547,,A,Normal value,0,Units,2015,,,,1,One
DATAFLOW,OECD.SDD.TPS:DSD_G20_PRICES@DF_G20_PRICES(1.0),"G20 - Consumer price indices, all items",I,JPN,Japan,A,Annual,N,National,CPI,Consumer price index,IX,Index,_T,Total,N,Neither seasonally adjusted nor calendar adjusted,_Z,Not applicable,1992,,95.85905,,A,Normal value,0,Units,2015,,,,1,One
DATAFLOW,OECD.SDD.TPS:DSD_G20_PRICES@DF_G20_PRICES(1.0),"G20 - Consumer price indices, all items",I,JPN,Japan,A,Annual,N,National,CPI,Consumer price index,IX,Index,_T,Total,N,Neither seasonally adjusted nor calendar adjusted,_Z,Not applicable,1993,,97.06525,,A,Normal value,0,Units,2015,,,,1,One
DATAFLOW,OECD.SDD.TPS:DSD_G20_PRICES@DF_G20_PRICES(1.0),"G20 - Consumer price indices, all items",I,JPN,Japan,A,Annual,N,National,CPI,Consumer price index,IX,Index,_T,Total,N,Neither seasonally adjusted nor calendar adjusted,_Z,Not applicable,1994,,97.73008,,A,Normal value,0,Units,2015,,,,1,One
DATAFLOW,OECD.SDD.TPS:DSD_G20_PRICES@DF_G20_PRICES(1.0),"G20 - Consumer price indices, all items",I,JPN,Japan,A,Annual,N,National,CPI,Consumer price index,IX,Index,_T,Total,N,Neither seasonally adjusted nor calendar adjusted,_Z,Not applicable,1995,,97.6256,,A,Normal value,0,Units,2015,,,,1,One
DATAFLOW,OECD.SDD.TPS:DSD_G20_PRICES@DF_G20_PRICES(1.0),"G20 - Consumer price indices, all items",I,JPN,Japan,A,Annual,N,National,CPI,Consumer price index,IX,Index,_T,Total,N,Neither seasonally adjusted nor calendar adjusted,_Z,Not applicable,1996,,97.75857,,A,Normal value,0,Units,2015,,,,1,One
DATAFLOW,OECD.SDD.TPS:DSD_G20_PRICES@DF_G20_PRICES(1.0),"G20 - Consumer price indices, all items",I,JPN,Japan,A,Annual,N,National,CPI,Consumer price index,IX,Index,_T,Total,N,Neither seasonally adjusted nor calendar adjusted,_Z,Not applicable,1997,,99.42065,,A,Normal value,0,Units,2015,,,,1,One
DATAFLOW,OECD.SDD.TPS:DSD_G20_PRICES@DF_G20_PRICES(1.0),"G20 - Consumer price indices, all items",I,JPN,Japan,A,Annual,N,National,CPI,Consumer price index,IX,Index,_T,Total,N,Neither seasonally adjusted nor calendar adjusted,_Z,Not applicable,1998,,100.0855,,A,Normal value,0,Units,2015,,,,1,One
DATAFLOW,OECD.SDD.TPS:DSD_G20_PRICES@DF_G20_PRICES(1.0),"G20 - Consumer price indices, all items",I,JPN,Japan,A,Annual,N,National,CPI,Consumer price index,IX,Index,_T,Total,N,Neither seasonally adjusted nor calendar adjusted,_Z,Not applicable,1999,,99.74357,,A,Normal value,0,Units,2015,,,,1,One
DATAFLOW,OECD.SDD.TPS:DSD_G20_PRICES@DF_G20_PRICES(1.0),"G20 - Consumer price indices, all items",I,JPN,Japan,A,Annual,N,National,CPI,Consumer price index,IX,Index,_T,Total,N,Neither seasonally adjusted nor calendar adjusted,_Z,Not applicable,2000,,99.06924,,A,Normal value,0,Units,2015,,,,1,One
DATAFLOW,OECD.SDD.TPS:DSD_G20_PRICES@DF_G20_PRICES(1.0),"G20 - Consumer price indices, all items",I,JPN,Japan,A,Annual,N,National,CPI,Consumer price index,IX,Index,_T,Total,N,Neither seasonally adjusted nor calendar adjusted,_Z,Not applicable,2001,,98.35692,,A,Normal value,0,Units,2015,,,,1,One
DATAFLOW,OECD.SDD.TPS:DSD_G20_PRICES@DF_G20_PRICES(1.0),"G20 - Consumer price indices, all items",I,JPN,Japan,A,Annual,N,National,CPI,Consumer price index,IX,Index,_T,Total,N,Neither seasonally adjusted nor calendar adjusted,_Z,Not applicable,2002,,97.46415,,A,Normal value,0,Units,2015,,,,1,One
DATAFLOW,OECD.SDD.TPS:DSD_G20_PRICES@DF_G20_PRICES(1.0),"G20 - Consumer price indices, all items",I,JPN,Japan,A,Annual,N,National,CPI,Consumer price index,IX,Index,_T,Total,N,Neither seasonally adjusted nor calendar adjusted,_Z,Not applicable,2003,,97.20771,,A,Normal value,0,Units,2015,,,,1,One
DATAFLOW,OECD.SDD.TPS:DSD_G20_PRICES@DF_G20_PRICES(1.0),"G20 - Consumer price indices, all items",I,JPN,Japan,A,Annual,N,National,CPI,Consumer price index,IX,Index,_T,Total,N,Neither seasonally adjusted nor calendar adjusted,_Z,Not applicable,2004,,97.18871,,A,Normal value,0,Units,2015,,,,1,One
DATAFLOW,OECD.SDD.TPS:DSD_G20_PRICES@DF_G20_PRICES(1.0),"G20 - Consumer price indices, all items",I,JPN,Japan,A,Annual,N,National,CPI,Consumer price index,IX,Index,_T,Total,N,Neither seasonally adjusted nor calendar adjusted,_Z,Not applicable,2005,,96.95128,,A,Normal value,0,Units,2015,,,,1,One
DATAFLOW,OECD.SDD.TPS:DSD_G20_PRICES@DF_G20_PRICES(1.0),"G20 - Consumer price indices, all items",I,JPN,Japan,A,Annual,N,National,CPI,Consumer price index,IX,Index,_T,Total,N,Neither seasonally adjusted nor calendar adjusted,_Z,Not applicable,2006,,97.16022,,A,Normal value,0,Units,2015,,,,1,One
DATAFLOW,OECD.SDD.TPS:DSD_G20_PRICES@DF_G20_PRICES(1.0),"G20 - Consumer price indices, all items",I,JPN,Japan,A,Annual,N,National,CPI,Consumer price index,IX,Index,_T,Total,N,Neither seasonally adjusted nor calendar adjusted,_Z,Not applicable,2007,,97.20771,,A,Normal value,0,Units,2015,,,,1,One
DATAFLOW,OECD.SDD.TPS:DSD_G20_PRICES@DF_G20_PRICES(1.0),"G20 - Consumer price indices, all items",I,JPN,Japan,A,Annual,N,National,CPI,Consumer price index,IX,Index,_T,Total,N,Neither seasonally adjusted nor calendar adjusted,_Z,Not applicable,2008,,98.55637,,A,Normal value,0,Units,2015,,,,1,One
DATAFLOW,OECD.SDD.TPS:DSD_G20_PRICES@DF_G20_PRICES(1.0),"G20 - Consumer price indices, all items",I,JPN,Japan,A,Annual,N,National,CPI,Consumer price index,IX,Index,_T,Total,N,Neither seasonally adjusted nor calendar adjusted,_Z,Not applicable,2009,,97.22671,,A,Normal value,0,Units,2015,,,,1,One
DATAFLOW,OECD.SDD.TPS:DSD_G20_PRICES@DF_G20_PRICES(1.0),"G20 - Consumer price indices, all items",I,JPN,Japan,A,Annual,N,National,CPI,Consumer price index,IX,Index,_T,Total,N,Neither seasonally adjusted nor calendar adjusted,_Z,Not applicable,2010,,96.54288,,A,Normal value,0,Units,2015,,,,1,One
DATAFLOW,OECD.SDD.TPS:DSD_G20_PRICES@DF_G20_PRICES(1.0),"G20 - Consumer price indices, all items",I,JPN,Japan,A,Annual,N,National,CPI,Consumer price index,IX,Index,_T,Total,N,Neither seasonally adjusted nor calendar adjusted,_Z,Not applicable,2011,,96.26745,,A,Normal value,0,Units,2015,,,,1,One
DATAFLOW,OECD.SDD.TPS:DSD_G20_PRICES@DF_G20_PRICES(1.0),"G20 - Consumer price indices, all items",I,JPN,Japan,A,Annual,N,National,CPI,Consumer price index,IX,Index,_T,Total,N,Neither seasonally adjusted nor calendar adjusted,_Z,Not applicable,2012,,96.21996,,A,Normal value,0,Units,2015,,,,1,One
DATAFLOW,OECD.SDD.TPS:DSD_G20_PRICES@DF_G20_PRICES(1.0),"G20 - Consumer price indices, all items",I,JPN,Japan,A,Annual,N,National,CPI,Consumer price index,IX,Index,_T,Total,N,Neither seasonally adjusted nor calendar adjusted,_Z,Not applicable,2013,,96.54288,,A,Normal value,0,Units,2015,,,,1,One
DATAFLOW,OECD.SDD.TPS:DSD_G20_PRICES@DF_G20_PRICES(1.0),"G20 - Consumer price indices, all items",I,JPN,Japan,A,Annual,N,National,CPI,Consumer price index,IX,Index,_T,Total,N,Neither seasonally adjusted nor calendar adjusted,_Z,Not applicable,2014,,99.2212,,A,Normal value,0,Units,2015,,,,1,One
DATAFLOW,OECD.SDD.TPS:DSD_G20_PRICES@DF_G20_PRICES(1.0),"G20 - Consumer price indices, all items",I,JPN,Japan,A,Annual,N,National,CPI,Consumer price index,IX,Index,_T,Total,N,Neither seasonally adjusted nor calendar adjusted,_Z,Not applicable,2015,,100,,A,Normal value,0,Units,2015,,,,1,One
DATAFLOW,OECD.SDD.TPS:DSD_G20_PRICES@DF_G20_PRICES(1.0),"G20 - Consumer price indices, all items",I,JPN,Japan,A,Annual,N,National,CPI,Consumer price index,IX,Index,_T,Total,N,Neither seasonally adjusted nor calendar adjusted,_Z,Not applicable,2016,,99.88603,,A,Normal value,0,Units,2015,,,,1,One
DATAFLOW,OECD.SDD.TPS:DSD_G20_PRICES@DF_G20_PRICES(1.0),"G20 - Consumer price indices, all items",I,JPN,Japan,A,Annual,N,National,CPI,Consumer price index,IX,Index,_T,Total,N,Neither seasonally adjusted nor calendar adjusted,_Z,Not applicable,2017,,100.3609,,A,Normal value,0,Units,2015,,,,1,One
DATAFLOW,OECD.SDD.TPS:DSD_G20_PRICES@DF_G20_PRICES(1.0),"G20 - Consumer price indices, all items",I,JPN,Japan,A,Annual,N,National,CPI,Consumer price index,IX,Index,_T,Total,N,Neither seasonally adjusted nor calendar adjusted,_Z,Not applicable,2018,,101.3297,,A,Normal value,0,Units,2015,,,,1,One
DATAFLOW,OECD.SDD.TPS:DSD_G20_PRICES@DF_G20_PRICES(1.0),"G20 - Consumer price indices, all items",I,JPN,Japan,A,Annual,N,National,CPI,Consumer price index,IX,Index,_T,Total,N,Neither seasonally adjusted nor calendar adjusted,_Z,Not applicable,2019,,101.833,,A,Normal value,0,Units,2015,,,,1,One
DATAFLOW,OECD.SDD.TPS:DSD_G20_PRICES@DF_G20_PRICES(1.0),"G20 - Consumer price indices, all items",I,JPN,Japan,A,Annual,N,National,CPI,Consumer price index,IX,Index,_T,Total,N,Neither seasonally adjusted nor calendar adjusted,_Z,Not applicable,2020,,101.814,,A,Normal value,0,Units,2015,,,,1,One
DATAFLOW,OECD.SDD.TPS:DSD_G20_PRICES@DF_G20_PRICES(1.0),"G20 - Consumer price indices, all items",I,JPN,Japan,A,Annual,N,National,CPI,Consumer price index,IX,Index,_T,Total,N,Neither seasonally adjusted nor calendar adjusted,_Z,Not applicable,2021,,101.5671,,A,Normal value,0,Units,2015,,,,1,One
DATAFLOW,OECD.SDD.TPS:DSD_G20_PRICES@DF_G20_PRICES(1.0),"G20 - Consumer price indices, all items",I,JPN,Japan,A,Annual,N,National,CPI,Consumer price index,IX,Index,_T,Total,N,Neither seasonally adjusted nor calendar adjusted,_Z,Not applicable,2022,,104.1124,,A,Normal value,0,Units,2015,,,,1,One
DATAFLOW,OECD.SDD.TPS:DSD_G20_PRICES@DF_G20_PRICES(1.0),"G20 - Consumer price indices, all items",I,JPN,Japan,A,Annual,N,National,CPI,Consumer price index,IX,Index,_T,Total,N,Neither seasonally adjusted nor calendar adjusted,_Z,Not applicable,2023,,107.5031,,A,Normal value,0,Units,2015,,,,1,One
DATAFLOW,OECD.SDD.TPS:DSD_G20_PRICES@DF_G20_PRICES(1.0),"G20 - Consumer price indices, all items",I,JPN,Japan,A,Annual,N,National,CPI,Consumer price index,IX,Index,_T,Total,N,Neither seasonally adjusted nor calendar adjusted,_Z,Not applicable,2024,,110.4568,,A,Normal value,0,Units,2015,,,,1,One
DATAFLOW,OECD.SDD.TPS:DSD_G20_PRICES@DF_G20_PRICES(1.0),"G20 - Consumer price indices, all items",I,JPN,Japan,A,Annual,N,National,CPI,Consumer price index,IX,Index,_T,Total,N,Neither seasonally adjusted nor calendar adjusted,_Z,Not applicable,2025,,113.9804,,A,Normal value,0,Units,2015,,,,1,One
DATAFLOW,OECD.SDD.TPS:DSD_G20_PRICES@DF_G20_PRICES(1.0),"G20 - Consumer price indices, all items",I,JPN,Japan,A,Annual,N,National,CPI,Consumer price index,PC,Percentage change,_T,Total,N,Neither seasonally adjusted nor calendar adjusted,G1,"Growth rate, period on period",1970,,6.984036,,A,Normal value,0,Units,,,,,1,One
DATAFLOW,OECD.SDD.TPS:DSD_G20_PRICES@DF_G20_PRICES(1.0),"G20 - Consumer price indices, all items",I,JPN,Japan,A,Annual,N,National,CPI,Consumer price index,PA,Percent per annum,_T,Total,N,Neither seasonally adjusted nor calendar adjusted,GY,"Growth rate, over 1 year",1970,,6.984036,,A,Normal value,0,Units,,,,,1,One
